,index,name,inchikey,formula,ionization,calcmass,rank,pepmass,ppm
0,1,norvaline,SNDPXSYFESPGGJ-BYPYZUCNSA-N,C8H19N1O2Si1,[M+H]+,189.118505,0,190.12618,0.7933239
1,2,norvaline,SNDPXSYFESPGGJ-BYPYZUCNSA-N,C11H27N1O2Si2,[M+H]+,261.158032,0,262.1658,0.218382064
2,3,glucosamine 1,MSWZFWKMSRAUBD-QZABAPFNSA-N,C18H45N1O5Si4,[M+H]+,467.23748,1,468.24448,1.765766372
3,4,mannose-6-phosphate,NBSCHQHZLSJFNQ-QTVWNMPRSA-N,C6H17O1Si1N1,[M+H]+,147.107941,no correct formula,362.16412,1455042.824
4,5,glucosamine 1,MSWZFWKMSRAUBD-QZABAPFNSA-N,C18H45N1O5Si4,[M-H]+,467.23748,1,466.22788,3.798855712
5,6,indole-3-propionic acid,GOLXRNDWAUTYKT-UHFFFAOYSA-N,C17H27N1O2Si2,[M+H]+,333.158032,0,334.16495,2.722528479
6,7,mannose-6-phosphate,NBSCHQHZLSJFNQ-QTVWNMPRSA-N,C21H57O1Si6N1,[M+H]+,507.305575,no correct formula,722.29852,421807.1524
7,8,"propane-1,3-diol",YPFDHNVEDLHUCE-UHFFFAOYSA-N,C9H24O2Si2,[M+H]+,220.131483,0,221.13928,0.127343121
8,9,nicotinamide,DFPAKSUCGFBDDF-UHFFFAOYSA-N,C9H14N2O1Si1,[M+H]+,194.08754,0,195.09509,1.41705248
9,10,nicotinamide,DFPAKSUCGFBDDF-UHFFFAOYSA-N,C9H14N2O1Si1,[M+H]+,194.08754,0,195.09523,0.695728484
10,11,triethanolamine,GSEJCLTVZPLZKY-UHFFFAOYSA-N,C15H39N1O3Si3,[M+H]+,365.223774,1,366.23151,0.243774465
11,12,"2,8-dihydroxyquinoline",ZXZKYYHTWHJHFT-UHFFFAOYSA-N,C15H23N1O2Si2,[M+H]+,305.126732,0,306.13458,0.075272887
12,13,L-DOPA,WTDRDQBEARUVNC-LURJTMIESA-N,C18H35N1O4Si3,[M+H]+,413.187388,7,414.19473,1.169039143
13,14,L-DOPA,WTDRDQBEARUVNC-LURJTMIESA-N,C21H43N1O4Si4,[M+H]+,485.226915,0,486.23492,0.370894038
14,15,o-toluic acid,ZWLPBLYKEWSWPD-UHFFFAOYSA-N,C11H16O2Si1,[M+H]+,208.091956,0,209.09946,1.542742142
15,16,TRIS 1,LENZDBCJOHFCAS-UHFFFAOYSA-N,C13H35N1O3Si3,[M+H]+,337.192474,1,338.20041,0.329093258
16,17,(water loss)ribonic acid,QXKAIJAYHKCRRA-YVZJFKFKSA-N,C14H32O5Si3,[M+H]+,364.155754,3,365.16324,0.931008851
17,18,(water loss)ribonic acid,QXKAIJAYHKCRRA-YVZJFKFKSA-N,C17H40O5Si4,[M+H]+,436.195281,no correct formula,437.20203,2.466858943
18,19,"2,6-diaminopimelic acid",GMKMEZVLHJARHF-WHFBIAKZSA-N,C13H30N2O4Si2,[M+H]+,334.174411,0,335.18173,1.514275819
19,20,lipoic acid,AGBQKNBQESQNJD-SSDOTTSWSA-N,C11H22O2S2Si1,[M]+,278.083049,1,278.0827,1.255020762
20,21,pipecolic acid,HXEACLLIILLPRG-YFKPBYRVSA-N,C9H19N1O2Si1,[M+H]+,201.118505,1,202.12639,0.298171319
21,22,pipecolic acid,HXEACLLIILLPRG-YFKPBYRVSA-N,C12H27N1O2Si2,[M+H]+,273.158032,1,274.16565,0.757921078
22,23,methylparaben,LXCFILQKKLGQFO-UHFFFAOYSA-N,C11H16O3Si1,[M+H]+,224.086871,0,225.09462,0.339298013
23,24,indole-3-acetate,SEOVTRFCIGRIMH-UHFFFAOYSA-N,C16H25N1O2Si2,[M+H]+,319.142382,0,320.14978,1.3380618
24,25,"3,4-dihydroxycinnamic acid",QAIPRVGONGVQAS-DUXPYHPUSA-N,C18H32O4Si3,[M+H]+,396.160839,2,397.168,1.676168275
25,26,"3,4-dihydroxycinnamic acid",QAIPRVGONGVQAS-DUXPYHPUSA-N,C18H32O4Si3,[M+H]+,396.160839,1,397.1683,0.918900089
26,27,5-hydroxymethyl-2-furoic acid,PCSKKIUURRTAEM-UHFFFAOYSA-N,C12H22O4Si2,[M+H]+,286.105662,0,287.11307,1.457616138
27,28,gentisic acid,WXTMDXOMEHJXQO-UHFFFAOYSA-N,C16H30O4Si3,[M+H]+,370.145189,3,371.15262,1.064534247
28,29,3-hydroxybutyric acid,WHBMMWSBFZVSSR-UHFFFAOYSA-N,C10H24O3Si2,[M+H]+,248.126398,0,249.13384,1.543698023
29,30,pyridoxine,LXNHXLLTXMVWPM-UHFFFAOYSA-N,C17H35N1O3Si3,[M+H]+,385.192474,1,386.20007,0.594591653
30,31,beta-hydroxymyristic acid,ATRNZOYKSNPPBF-UHFFFAOYSA-N,C20H44O3Si2,[M-H]+,388.282898,0,387.27478,0.754521437
31,32,(water loss)beta-glycerolphosphate,UOCRSCMEIHYRII-UHFFFAOYSA-N,C12H31Na2O6P1Si3,[M+H]+,432.096144,no correct formula,371.15225,138710.0297
32,33,(water loss)allantoic acid,NUCLJNSWZCHRKL-UHFFFAOYSA-N,C16H38N4O3Si4,[M+H]+,446.202097,no correct formula,447.20947,1.013066126
33,34,(water loss)p-hydroxylphenyllactic acid,JVGVDSSUAVXRDY-UHFFFAOYSA-N,C15H24O3Si2,[M+H]+,308.126398,0,309.13342,2.606177969
34,35,succinate semialdehyde,UIUJIQZEACWQSV-UHFFFAOYSA-N,C8H17O3Si1N1,[M+H]+,203.09777,0,204.10518,2.043509537
35,36,3-phenyllactic acid,VOXXWSYKYCBWHO-UHFFFAOYSA-N,C15H26O3Si2,[M+H]+,310.142048,0,311.14923,2.073347468
36,37,(water loss)myo-inositol,CDAISMWEOUEBRE-GPIVLXJGSA-N,,[M-H]+,0,no key formula,377.26645,#DIV/0!
37,38,(water loss)N-ethylglycine,YPIGGYHFMKJNKV-UHFFFAOYSA-N,C10H23N1O1Si2,[M]+,229.131817,no correct formula,229.07373,253.5090969
38,39,N-ethylglycine,YPIGGYHFMKJNKV-UHFFFAOYSA-N,C7H17N1O2Si1,[M+H]+,175.102855,0,176.11137,3.940357055
39,40,(water loss)p-cresol,IWDCLRJOBJJRNH-UHFFFAOYSA-N,C10H14Si1,[M+H]+,162.086477,no correct formula,163.0424,320.2119831
40,41,p-cresol,IWDCLRJOBJJRNH-UHFFFAOYSA-N,C10H16O1Si1,[M+H]+,180.097042,0,181.10442,2.482174194
41,42,2-hydroxyquinoline,LISFMEBWQUVKPJ-UHFFFAOYSA-N,C12H15N1O1Si1,[M+H]+,217.092291,no correct formula,218.1571,262.4872929
42,43,N-ethylglycine,YPIGGYHFMKJNKV-UHFFFAOYSA-N,C10H25N1O2Si2,[M+H]+,247.142382,0,248.14973,1.930191925
43,44,N-ethylglycine,YPIGGYHFMKJNKV-UHFFFAOYSA-N,C10H25N1O2Si2,[M+H]+,247.142382,0,248.14964,2.294354475
44,45,"2-butyne-1,4-diol",DLDJFQGPPSQZKI-UHFFFAOYSA-N,C10H22O2Si2,[M-H]+,230.115833,1,229.10764,1.599054551
45,46,"2-butyne-1,4-diol",DLDJFQGPPSQZKI-UHFFFAOYSA-N,C10H22O2Si2,[M-H]+,230.115833,1,229.10741,2.598551183
46,47,(water loss)pimelic acid,WLJVNTCWHIRURA-UHFFFAOYSA-N,C7H10O3,[M]+,142.062994,no correct formula,142.12202,415.491736
47,48,"2-butyne-1,4-diol",DLDJFQGPPSQZKI-UHFFFAOYSA-N,C7H14O2Si1,[M+H]+,158.076306,no correct formula,159.14917,411.4403317
48,49,catechol,YCIMNLLNPGFGHC-UHFFFAOYSA-N,C12H22O2Si2,[M+H]+,254.115833,0,255.12283,3.258483426
49,50,catechol,YCIMNLLNPGFGHC-UHFFFAOYSA-N,C12H22O2Si2,[M+H]+,254.115833,0,255.1227,3.770061152
50,51,pimelic acid,WLJVNTCWHIRURA-UHFFFAOYSA-N,C10H20O4Si1,[M+H]+,232.113086,no correct formula,233.18654,282.7456603
51,52,(water loss)pimelic acid,WLJVNTCWHIRURA-UHFFFAOYSA-N,C10H18O3Si1,[M+H]+,214.102521,no correct formula,215.20065,421.7790961
52,53,phthalic acid,XNGIFLGASWRNHJ-UHFFFAOYSA-N,C11H14O4Si1,[M+H]+,238.066135,no correct formula,239.10953,149.4121277
53,54,(water loss)catechol,YCIMNLLNPGFGHC-UHFFFAOYSA-N,C12H20O1Si2,[M+H]+,236.105268,no correct formula,237.05798,233.4256779
54,55,pimelic acid,WLJVNTCWHIRURA-UHFFFAOYSA-N,C13H28O4Si2,[M+H]+,304.152612,1,305.15994,1.634154074
55,56,phthalic acid,XNGIFLGASWRNHJ-UHFFFAOYSA-N,C14H22O4Si2,[M+H]+,310.105662,0,311.11288,1.957501279
56,57,palmitoleic acid,SECPZKHBENQXJG-FPLPWBNLSA-N,C19H38O2Si1,[M+H]+,326.264107,no correct formula,327.1441,391.8053794
57,58,putrescine,KIDHWZJUCRJVML-UHFFFAOYSA-N,C16H44N2Si4,[M+H]+,376.258156,3,377.26504,2.501028124
58,59,N-acetyl-L-phenylalanine,CBQJSKKFNMDLON-JTQLQIEISA-N,C14H21N1O3Si1,[M+H]+,279.12907,0,280.13654,1.271928538
59,60,D-(+)-galactose,WQZGKKKJIJFFOK-SVZMEOIVSA-N,C22H55O6Si5N1,[M+H]+,569.287571,no correct formula,570.29633,1.640590481
60,61,N-acetyl-L-phenylalanine,CBQJSKKFNMDLON-JTQLQIEISA-N,C14H21N1O3Si1,[M+H]+,279.12907,0,280.13629,2.167571547
61,62,N-acetyl-L-phenylalanine,CBQJSKKFNMDLON-JTQLQIEISA-N,C14H21N1O3Si1,[M+H]+,279.12907,0,280.13623,2.382525869
62,63,palmitoleic acid,SECPZKHBENQXJG-FPLPWBNLSA-N,C19H38O2Si1,[M+H]+,326.264107,3,327.27173,0.619229102
63,64,1-methyl-L-tryptophan,ZADWXFSZEAPBJS-JTQLQIEISA-N,C18H30N2O2Si2,[M+H]+,362.184581,0,363.19214,0.734521136
64,65,N-methyladenosine,VQAYFKKCNSOZKM-INWNYVOZSA-N,C23H47N5O4Si4,[M+H]+,569.270511,no correct formula,570.27765,1.205107619
65,66,N-methyladenosine,VQAYFKKCNSOZKM-INWNYVOZSA-N,C23H47N5O4Si4,[M+H]+,569.270511,1,570.27728,1.855062241
66,67,N-methyl-L-alanine,GDFAOVXKHJXLEI-VKHMYHEASA-N,C7H17N1O2Si1,[M+H]+,175.102855,0,176.11043,1.427916352
67,68,(water loss)N-methyl-L-alanine,GDFAOVXKHJXLEI-VKHMYHEASA-N,C10H23N1O1Si2,[M+H]+,229.131817,no correct formula,230.0811,255.4949941
68,69,(water loss)N-methyl-L-alanine,GDFAOVXKHJXLEI-VKHMYHEASA-N,C10H23N1O1Si2,[M+H]+,229.131817,no correct formula,230.08164,253.1382721
69,70,2-hydroxypyridine,UBQKCCHYAOITMY-UHFFFAOYSA-N,C8H13N1O1Si1,[M+H]+,167.076641,0,168.08418,1.711982167
70,71,N-methyl-L-alanine,GDFAOVXKHJXLEI-VKHMYHEASA-N,C10H25N1O2Si2,[M+H]+,247.142382,0,248.14981,1.60649188
71,72,benzoic acid,WPYMKLBDIGXBTP-UHFFFAOYSA-N,C10H14O2Si1,[M+H]+,194.076306,0,195.0838,1.705680806
72,73,4-acetylbutyric acid,MGTZCLMLSSAXLD-UHFFFAOYSA-N,C10H21O3Si1N1,[M+H]+,231.12907,0,232.13631,2.531192766
73,74,2-hydroxybiphenyl,LLEMOWNGBBNAJR-UHFFFAOYSA-N,C12H10O1,[M-H]+,170.073165,no correct formula,169.0582,41.98174221
74,75,pyrogallol,WQGWDDDVZFFDIG-UHFFFAOYSA-N,C15H30O3Si3,[M+H]+,342.150274,1,343.15674,3.972033148
75,76,2-hydroxybiphenyl,LLEMOWNGBBNAJR-UHFFFAOYSA-N,C15H18O1Si1,[M+H]+,242.112692,0,243.11996,2.300714702
76,77,2-hydroxybiphenyl,LLEMOWNGBBNAJR-UHFFFAOYSA-N,C15H18O1Si1,[M+H]+,242.112692,no correct formula,243.23186,459.8807557
77,78,orotic acid,PXQPEWDEAKTCGB-UHFFFAOYSA-N,C14H28N2O4Si3,[M+H]+,372.135687,0,373.14316,0.945978153
78,79,palmitic acid,IPCSVZSSVZVIGE-UHFFFAOYSA-N,C19H40O2Si1,[M-H]+,328.279757,0,327.27139,1.650932653
79,80,inosine,UGQMRVRMYYASKQ-KQYNXXCUSA-N,C22H44N4O5Si4,[M+H]+,556.238877,no correct formula,557.24683,0.230059018
80,81,(water loss)urea,XSQUKJJJFZCRTK-UHFFFAOYSA-N,C7H18N2Si2,[M+H]+,186.100852,0,187.10829,2.079690801
81,82,L-norleucine,LRQKBLKVPFOOQJ-YFKPBYRVSA-N,C9H21N1O2Si1,[M+H]+,203.134155,0,204.1416,1.870843581
82,83,urea,XSQUKJJJFZCRTK-UHFFFAOYSA-N,C4H12N2O1Si1,[M+H]+,132.07189,0,133.07932,2.991039426
83,84,L-norleucine,LRQKBLKVPFOOQJ-YFKPBYRVSA-N,C9H21N1O2Si1,[M+H]+,203.134155,0,204.14159,1.920072132
84,85,pyrrole-2-carboxylic acid,WRHZVMBBRYBTKZ-UHFFFAOYSA-N,C8H13N1O2Si1,[M+H]+,183.071555,0,184.07883,3.004465822
85,86,L-norleucine,LRQKBLKVPFOOQJ-YFKPBYRVSA-N,C12H29N1O2Si2,[M+H]+,275.173682,0,276.18118,1.188457514
86,87,pyrrole-2-carboxylic acid,WRHZVMBBRYBTKZ-UHFFFAOYSA-N,C11H21N1O2Si2,[M+H]+,255.111082,0,256.11838,2.065893123
87,88,(water loss)urea,XSQUKJJJFZCRTK-UHFFFAOYSA-N,C4H10N2Si1,[M]+,114.061325,no correct formula,114.01578,399.3027435
88,89,hydrocinnamic acid,XMIIGOLPHOKFCH-UHFFFAOYSA-N,C12H18O2Si1,[M+H]+,222.107606,1,223.11498,2.030692411
89,90,4-hydroxybenzaldehyde,RGHHSNMVTDWUBI-UHFFFAOYSA-N,C11H17O2Si1N1,[M+H]+,223.102855,0,224.11005,2.823954135
90,91,4-hydroxybenzaldehyde,RGHHSNMVTDWUBI-UHFFFAOYSA-N,C11H17O2Si1N1,[M+H]+,223.102855,0,224.10977,4.078980657
91,92,3-hydroxyphenylacetic acid,FVMDYYGIDFPZAX-UHFFFAOYSA-N,C14H24O3Si2,[M+H]+,296.126398,2,297.13351,2.407864462
92,93,2-hydroxycinnamic acid,PMOWTIHVNWZYFI-AATRIKPKSA-N,C15H24O3Si2,[M+H]+,308.126398,1,309.13358,2.086910548
93,94,scopoletin,RODXRVNMMDRFIK-UHFFFAOYSA-N,C13H16O4Si1,[M+H]+,264.081786,0,265.08893,2.578868616
94,95,2'-deoxyguanosine,YKBGVTZYEHREMT-KVQBGUIXSA-N,C22H45N5O4Si4,[M+H]+,555.254861,no correct formula,556.26117,2.730335809
95,96,DL-glyceraldehyde,MNQZXJOMYWMBOU-UHFFFAOYSA-N,C7H17O3Si1N1,[M]+,191.09777,no correct formula,191.11543,92.41342795
96,97,DL-glyceraldehyde,MNQZXJOMYWMBOU-UHFFFAOYSA-N,C7H17O3Si1N1,[M]+,191.09777,no correct formula,191.11566,93.61700034
97,98,(water loss)DL-glyceraldehyde,MNQZXJOMYWMBOU-UHFFFAOYSA-N,C7H15O2Si1N1,[M-H]+,173.087205,nan,172.15154,416.899864
98,99,lactic acid,JVTAAEKCZFNVCJ-UHFFFAOYSA-N,C9H22O3Si2,[M+H]+,234.110748,0,235.118,2.447697233
99,100,DL-glyceraldehyde,MNQZXJOMYWMBOU-UHFFFAOYSA-N,C10H25O3Si2N1,[M-H]+,263.137297,0,262.12833,4.33981721
100,101,(water loss)adipic acid,WNLRTRBMVRJNCN-UHFFFAOYSA-N,C9H16O3Si1,[M+H]+,200.086871,no correct formula,201.05789,183.9502614
101,102,DL-glyceraldehyde,MNQZXJOMYWMBOU-UHFFFAOYSA-N,C10H25O3Si2N1,[M+H]+,263.137297,no correct formula,264.10818,140.3907111
102,103,(water loss)adipic acid,WNLRTRBMVRJNCN-UHFFFAOYSA-N,C9H16O3Si1,[M+H]+,200.086871,no correct formula,201.05778,184.5000226
103,104,"cis-1,2-cyclohexanediol",PFURGBBHAOXLIO-OLQVQODUSA-N,C12H28O2Si2,[M-H]+,260.162783,0,259.15439,2.183124594
104,105,citraconic acid,HNEGQIOMVPPMNR-IHWYPQMZSA-N,C11H22O4Si2,[M+H]+,274.105662,0,275.11319,1.083641351
105,106,6-hydroxycaproic acid,IWHLYPDWHHPVAA-UHFFFAOYSA-N,C12H28O3Si2,[M+H]+,276.157698,0,277.16504,1.749117383
106,107,adipic acid,WNLRTRBMVRJNCN-UHFFFAOYSA-N,C12H26O4Si2,[M+H]+,290.136962,1,291.14426,1.816494618
107,108,cinnamic acid,WBYWAXJHAXSJNI-VOTSOKGWSA-N,C12H16O2Si1,[M+H]+,220.091956,0,221.09936,1.912983272
108,109,4-hydroxybenzoic acid,FJKROLUGYXJWQN-UHFFFAOYSA-N,C13H22O3Si2,[M+H]+,282.110748,1,283.11795,2.208466832
109,110,adenine,GFFGJBXGBJISGV-UHFFFAOYSA-N,C11H21N5Si2,[M+H]+,279.133549,1,280.14075,2.235604542
110,111,4-hydroxybenzoic acid,FJKROLUGYXJWQN-UHFFFAOYSA-N,C10H14O3Si1,[M+H]+,210.071221,no correct formula,211.08958,50.14474481
111,112,xanthotoxin,QXKHYNVANLEOEG-UHFFFAOYSA-N,C12H8O4,[M+H]+,216.042259,0,217.04962,2.147877143
112,113,5-methoxy-3-indoleacetic acid,COCNDHOPIHDTHK-UHFFFAOYSA-N,C17H27N1O3Si2,[M+H]+,349.152947,0,350.15958,3.414068935
113,114,melatonin,DRLFMBDRBRZALE-UHFFFAOYSA-N,C16H24N2O2Si1,[M+H]+,304.160705,0,305.16794,1.939870011
114,115,glycolic acid,AEMRFAOFKBGASW-UHFFFAOYSA-N,C8H20O3Si2,[M+H]+,220.095098,1,221.10246,2.103782566
115,116,(water loss)mandelonitrile,NNICRUQPODTGRU-UHFFFAOYSA-N,C11H13N1Si1,[M]+,187.081726,no correct formula,187.16942,468.7470117
116,117,1-indanol,YIAPLDFPUUJILH-UHFFFAOYSA-N,C12H18O1Si1,[M+H]+,206.112692,1,207.11992,2.896630111
117,118,creatinine,DDRJAANPRJIHGJ-UHFFFAOYSA-N,C4H7N3O1,[M+H]+,113.058912,no correct formula,114.01618,447.1742328
118,119,10-hydroxydecanoic acid,YJCJVMMDTBEITC-UHFFFAOYSA-N,C16H36O3Si2,[M+H]+,332.220298,no correct formula,333.11612,337.1348256
119,120,(water loss)10-hydroxydecanoic acid,YJCJVMMDTBEITC-UHFFFAOYSA-N,C13H26O2Si1,[M+H]+,242.170207,no correct formula,243.23183,222.1494066
120,121,3-(3-hydroxyphenyl)propionic acid,QVWAEZJXDYOKEH-UHFFFAOYSA-N,C15H26O3Si2,[M]+,310.142048,no correct formula,310.14136,2.218338353
121,122,trans-aconitic acid,GTZCVFVGUGFEME-HNQUOIGGSA-N,C15H30O6Si3,[M+H]+,390.135018,2,391.14197,2.237769464
122,123,10-hydroxydecanoic acid,YJCJVMMDTBEITC-UHFFFAOYSA-N,C16H36O3Si2,[M+H]+,332.220298,0,333.22784,0.851941413
123,124,tyramine,DZGWFCGJZKJUFP-UHFFFAOYSA-N,C11H19N1O1Si1,[M-H]+,209.123591,no correct formula,208.12636,50.65919239
124,125,quinic acid,AAWZDTNXLSGCEK-LNVDRNJUSA-N,C22H52O6Si5,[M+H]+,552.261022,no correct formula,553.26868,0.302451601
125,126,caffeic acid,QAIPRVGONGVQAS-DUXPYHPUSA-N,C18H32O4Si3,[M+H]+,396.160839,2,397.16785,2.054802368
126,127,N-acetyl-5-hydroxytryptamine,MVAWJSIDNICKHF-UHFFFAOYSA-N,C18H30N2O2Si2,[M+H]+,362.184581,0,363.19156,2.335914543
127,128,2'-deoxyadenosine,OLXZPDWKRNYJJZ-RRKCRQDMSA-N,C16H29N5O3Si2,[M+H]+,395.180893,1,396.18765,2.70264137
128,129,1-aminocyclopropane-1-carboxylic acid,PAJPWUMXBYXFCZ-UHFFFAOYSA-N,C7H15N1O2Si1,[M-H]+,173.087205,nan,172.15179,418.3442227
129,130,1-aminocyclopropane-1-carboxylic acid,PAJPWUMXBYXFCZ-UHFFFAOYSA-N,C7H15N1O2Si1,[M+H]+,173.087205,1,174.09468,2.022288303
130,131,2-hydroxybutyric acid,AFENDNXGAFYKQO-UHFFFAOYSA-N,C10H24O3Si2,[M+H]+,248.126398,0,249.13365,2.309436782
131,132,1-aminocyclopropane-1-carboxylic acid,PAJPWUMXBYXFCZ-UHFFFAOYSA-N,C10H23N1O2Si2,[M+H]+,245.126732,0,246.13417,1.578906661
132,133,glycerol,PEDCQBHIVMGVHV-UHFFFAOYSA-N,C12H32O3Si3,[M+H]+,308.165924,2,309.17319,1.814062447
133,134,(water loss)2-hydroxyacetophenone,ZWVHTXAYIKBMEE-UHFFFAOYSA-N,C8H6O1,[M-H]+,118.041865,no correct formula,117.07324,332.0858428
134,135,(water loss)2-hydroxybutyric acid,AFENDNXGAFYKQO-UHFFFAOYSA-N,C7H14O2Si1,[M+H]+,158.076306,no correct formula,159.14925,411.9464164
135,136,2-hydroxyacetophenone,ZWVHTXAYIKBMEE-UHFFFAOYSA-N,C11H16O2Si1,[M-H]+,208.091956,no correct formula,207.1115,131.5237396
136,137,L-methionine sulfoxide,QEFRNWWLZKMPFJ-YGVKFDHGSA-N,C8H19N1O3S1Si1,[M+H]+,237.085491,no correct formula,238.12566,136.4232271
137,138,(water loss)4-aminophenol,PLIKAWJENQZMHA-UHFFFAOYSA-N,C12H21N1Si2,[M+H]+,235.121253,no correct formula,236.07394,234.5089248
138,139,N-acetyl-L-aspartic acid,OTCCIMWXFLJLIA-BYPYZUCNSA-N,C12H25N1O5Si2,[M+H]+,319.127126,0,320.13458,1.162647107
139,140,N-acetyl-L-aspartic acid,OTCCIMWXFLJLIA-BYPYZUCNSA-N,C15H33N1O5Si3,[M+H]+,391.166653,no correct formula,392.2092,88.76515292
140,141,1-hexadecanol,BXWNKGSJHAJOGX-UHFFFAOYSA-N,C16H34O1,[M+H]+,242.260966,no correct formula,243.23193,152.1542361
141,142,(water loss)L-methionine sulfoxide,QEFRNWWLZKMPFJ-YGVKFDHGSA-N,C11H25N1O2S1Si2,[M+H]+,291.114453,4,292.12256,0.968580457
142,143,D-panthenol,SNPLKNRPJHDVJA-ZETCQYMHSA-N,C18H43N1O4Si3,[M+H]+,421.249988,6,422.25732,1.170402953
143,144,1-hexadecanol,BXWNKGSJHAJOGX-UHFFFAOYSA-N,C19H42O1Si1,[M-H]+,314.300493,no correct formula,313.29208,1.870718574
144,145,oxalic acid,MUBZPKHOEPUJKR-UHFFFAOYSA-N,C5H10O4Si1,[M+H]+,162.034835,0,163.04246,1.234501396
145,146,oxalic acid,MUBZPKHOEPUJKR-UHFFFAOYSA-N,C8H18O4Si2,[M+H]+,234.074362,0,235.08197,0.927193513
146,147,methylmalonic acid,ZIYVHBGGAOATLY-UHFFFAOYSA-N,C10H22O4Si2,[M+H]+,262.105662,0,263.1131,1.476626743
147,148,ortho-phosphoric acid,NBIIXXVUZAFLBC-UHFFFAOYSA-N,H27O4P1C9Si3,[M+H]+,314.095476,1,315.10288,1.340459389
148,149,(water loss)2-isopropylmalic acid,BITYXLXUCSKTJS-UHFFFAOYSA-N,C7H10O4,[M+H]+,158.057909,no correct formula,159.1492,528.0720737
149,150,salicylic acid,YGSDEFSMJLZEOE-UHFFFAOYSA-N,C10H14O3Si1,[M+H]+,210.071221,0,211.07857,2.266051617
150,151,L-homoserine,UKAUYVFTDYCKQA-VKHMYHEASA-N,C10H25N1O3Si2,[M+H]+,263.137297,0,264.14465,1.793862882
151,152,benzamide,KXDAEFPNCMNJSK-UHFFFAOYSA-N,C10H15N1O1Si1,[M+H]+,193.092291,0,194.09967,2.309943228
152,153,salicylic acid,YGSDEFSMJLZEOE-UHFFFAOYSA-N,C13H22O3Si2,[M+H]+,282.110748,3,283.1181,1.676760752
153,154,2-isopropylmalic acid,BITYXLXUCSKTJS-UHFFFAOYSA-N,C16H36O5Si3,[M+H]+,392.187054,5,393.19464,0.609485264
154,155,quinolinic acid,GJAWHXHKYYXBSV-UHFFFAOYSA-N,C13H21N1O4Si2,[M+H]+,311.100911,0,312.10825,1.562297675
155,156,"2,4-dihydroxypyrimidine-5-carboxylic acid",ZXYAAVBXHKCJJB-UHFFFAOYSA-N,C14H28N2O4Si3,[M+H]+,372.135687,1,373.14294,1.537160369
156,157,benzoin,ISAOCJYIOMOJEB-UHFFFAOYSA-N,C18H23O2Si1N1,[M+H]+,313.149806,0,314.15573,6.070679891
157,158,N-acetyl-D-glucosamine,OVRNDRQMDRJTHS-RTRLPJTCSA-N,C21H50N2O6Si4,[M+H]+,538.274593,4,539.28247,0.096545092
158,159,phlorobenzophenone,CPEXFJVZFNYXGU-UHFFFAOYSA-N,C22H34O4Si3,[M+H]+,446.176489,no correct formula,447.18384,1.062432113
159,160,serotonin,QZAYGJVTTNCVMB-UHFFFAOYSA-N,C19H36N2O1Si3,[M+H]+,392.213543,5,393.2204,2.468125457
160,161,(water loss)N-acetyl-L-serine,JJIHLJJYMXLCOY-BYPYZUCNSA-N,C11H23N1O3Si2,[M+H]+,273.121647,no correct formula,274.09048,142.764342
161,162,Î²-cyano-L-alanine,BXRLWGXPSRYJDZ-VKHMYHEASA-N,C7H14N2O2Si1,[M+H]+,186.082454,no correct formula,187.04227,257.9987054
162,163,(water loss)N-acetyl-L-serine,JJIHLJJYMXLCOY-BYPYZUCNSA-N,C5H7N1O3,[M+H]+,129.042593,no correct formula,130.03207,142.1858613
163,164,Î²-cyano-L-alanine,BXRLWGXPSRYJDZ-VKHMYHEASA-N,C10H22N2O2Si2,[M+H]+,258.121981,0,259.12881,3.858765635
164,165,p-anisic acid,ZEYHEAKUIGZSGI-UHFFFAOYSA-N,C11H16O3Si1,[M+H]+,224.086871,0,225.09436,1.499562328
165,166,2-(4-hydroxyphenyl)ethanolÂ,YCCILVSKPBXVIP-UHFFFAOYSA-N,C14H26O2Si2,[M+H]+,282.147133,1,283.15393,3.643603318
166,167,3-(2-hydroxyphenyl)propanoic acid,CJBDUOMQLFKVQC-UHFFFAOYSA-N,C15H26O3Si2,[M]+,310.142048,no correct formula,310.14148,1.831418873
167,168,4-quinolinecarboxylic acid,VQMSRUREDGBWKT-UHFFFAOYSA-N,C13H15N1O2Si1,[M+H]+,245.087205,0,246.09465,1.550600041
168,169,"5,6-Dimethylbenzimidazole",LJUQGASMPRMWIW-UHFFFAOYSA-N,C12H18N2Si1,[M+H]+,218.123925,0,219.13124,2.338268166
169,170,homogentisic acid,IGMNYECMUMZDDF-UHFFFAOYSA-N,C17H32O4Si3,[M]+,384.160839,no correct formula,384.16049,0.908473651
170,171,benzylsuccinic acid,GTOFKXZQQDSVFH-UHFFFAOYSA-N,C17H28O4Si2,[M+H]+,352.152612,2,353.15967,2.178124494
171,172,(water loss)indole-3-acetamide,ZOAMBXDOGPRZLP-UHFFFAOYSA-N,C13H16N2Si1,[M+H]+,228.108275,0,229.11557,2.323599308
172,173,indole-3-acetamide,ZOAMBXDOGPRZLP-UHFFFAOYSA-N,C16H26N2O1Si2,[M+H]+,318.158367,1,319.16577,1.326484775
173,174,dihydrocapsaicin,XJQPQKLURWNAAH-UHFFFAOYSA-N,C21H37N1O3Si1,[M+H]+,379.254271,0,380.26068,3.73372784
174,175,sarcosine,FSYKKLYZXJSNPZ-UHFFFAOYSA-N,C6H15N1O2Si1,[M+H]+,161.087205,0,162.09476,1.676310853
175,176,sarcosine,FSYKKLYZXJSNPZ-UHFFFAOYSA-N,C9H23N1O2Si2,[M+H]+,233.126732,0,234.13419,1.57438929
176,177,nonanoic acid,FBUKVWPVBMHYJY-UHFFFAOYSA-N,C9H18O2,[M+H]+,158.13068,no correct formula,159.14918,67.50725267
177,178,(water loss)2'-deoxycytidine,CKTSBUTUHBMZGZ-SHYZEUOFSA-N,C9H11N3O3,[M+H]+,209.080041,no correct formula,210.13107,206.6384126
178,179,nonanoic acid,FBUKVWPVBMHYJY-UHFFFAOYSA-N,C12H26O2Si1,[M+H]+,230.170207,0,231.1776,1.877011954
179,180,(water loss)2'-deoxycytidine,CKTSBUTUHBMZGZ-SHYZEUOFSA-N,C12H19N3O3Si1,[M+H]+,281.119568,no correct formula,282.17004,151.7040172
180,181,cytosine,OPTASPLRGRRNAP-UHFFFAOYSA-N,C10H21N3O1Si2,[M+H]+,255.122315,1,256.12991,0.901654683
181,182,4-isopropylbenzoic acid,CKMXAIVXVKGGFM-UHFFFAOYSA-N,C13H20O2Si1,[M+H]+,236.123256,0,237.13077,1.317245219
182,183,4-isopropylbenzoic acid,CKMXAIVXVKGGFM-UHFFFAOYSA-N,C13H20O2Si1,[M+H]+,236.123256,0,237.13062,1.95250666
183,184,tropic acid,JACRWUWPXAESPB-UHFFFAOYSA-N,C15H26O3Si2,[M+H]+,310.142048,0,311.14948,1.267265218
184,185,N-formyl-L-methionine,PYUSHNKNPOHWEZ-YFKPBYRVSA-N,C9H19N1O3S1Si1,[M+H]+,249.085491,1,250.0927,2.473175886
185,186,DL-4-hydroxymandelic acid,YHXHKYRQLYQUIH-UHFFFAOYSA-N,C8H8O4,[M-H]+,168.042259,no correct formula,167.14314,646.8969941
186,187,DL-4-hydroxymandelic acid,YHXHKYRQLYQUIH-UHFFFAOYSA-N,C17H32O4Si3,[M+H]+,384.160839,5,385.168,1.728526603
187,188,DL-4-hydroxymandelic acid,YHXHKYRQLYQUIH-UHFFFAOYSA-N,C17H32O4Si3,[M+H]+,384.160839,7,385.16653,5.555048858
188,189,2-furoic acid,SMNDYUVBFMFKNZ-UHFFFAOYSA-N,C8H12O3Si1,[M+H]+,184.055571,0,185.06302,2.043036394
189,190,4-acetamidobutyric acid,UZTFMUBKZQVKLK-UHFFFAOYSA-N,C9H19N1O3Si1,[M+H]+,217.11342,no correct formula,218.15714,165.3281855
190,191,4-acetamidobutyric acid,UZTFMUBKZQVKLK-UHFFFAOYSA-N,C9H19N1O3Si1,[M+H]+,217.11342,no correct formula,218.15732,166.1572452
191,192,4-methylcatechol,ZBCATMYQYDCTIZ-UHFFFAOYSA-N,C13H24O2Si2,[M+H]+,268.131483,0,269.13834,3.610289322
192,193,4-acetamidobutyric acid,UZTFMUBKZQVKLK-UHFFFAOYSA-N,C9H19N1O3Si1,[M+H]+,217.11342,0,218.12027,4.490888817
193,194,(water loss)4-acetamidobutyric acid,UZTFMUBKZQVKLK-UHFFFAOYSA-N,C12H25N1O2Si2,[M+H]+,271.142382,no correct formula,272.11288,137.6657974
194,195,(water loss)4-pyridoxic acid,HXACOUQIXZGNBF-UHFFFAOYSA-N,C11H15N1O3Si1,[M+H]+,237.08212,0,238.08932,2.636353302
195,196,N-benzyloxycarbonylglycine,CJUMAFVKTCBCJK-UHFFFAOYSA-N,C16H27N1O4Si2,[M+H]+,353.147861,0,354.15436,3.75489243
196,197,methyl heptadecanoate,HUEBIMLTDXKIPR-UHFFFAOYSA-N,C18H36O2,[M+H]+,284.27153,0,285.27893,1.495162847
197,198,2-hydroxyhexanoic acid,NYHNVHGFPZAZGA-UHFFFAOYSA-N,C6H12O3,[M-H]+,132.078644,no correct formula,131.08862,134.7760069
198,199,propyleneglycol,DNIAPMSPPWPWGF-UHFFFAOYSA-N,C9H24O2Si2,[M-H]+,220.131483,no correct formula,219.12296,3.170685812
199,200,propyleneglycol,DNIAPMSPPWPWGF-UHFFFAOYSA-N,C9H24O2Si2,[M-H]+,220.131483,no correct formula,219.12289,3.488677583
200,201,2-ketoisovaleric acid,QHKABHOOEWYVLI-UHFFFAOYSA-M,C9H18O3Si1N1,[M+H]+,216.105595,no correct formula,218.12016,4658.555776
201,202,2-ketoisovaleric acid,QHKABHOOEWYVLI-UHFFFAOYSA-M,C9H18O3Si1N1,[M+H]+,216.105595,no correct formula,218.12018,4658.648323
202,203,2-ketoisovaleric acid,QHKABHOOEWYVLI-UHFFFAOYSA-M,C9H18O3Si1N1,[M+H]+,216.105595,no correct formula,218.12016,4658.555776
203,204,2-ketoisovaleric acid,QHKABHOOEWYVLI-UHFFFAOYSA-M,C9H18O3Si1N1,[M+H]+,216.105595,no correct formula,218.12019,4658.694597
204,205,(water loss)2-ketoisovaleric acid,QHKABHOOEWYVLI-UHFFFAOYSA-M,C9H16O2Si1N1,[M+H]+,198.09503,no correct formula,200.07092,4886.871557
205,206,2-hydroxyhexanoic acid,NYHNVHGFPZAZGA-UHFFFAOYSA-N,C6H12O3,[M-H]+,132.078644,no correct formula,131.08858,134.473157
206,207,2-hydroxyhexanoic acid,NYHNVHGFPZAZGA-UHFFFAOYSA-N,C12H28O3Si2,[M+H]+,276.157698,0,277.16425,4.609801716
207,208,2-hydroxyhexanoic acid,NYHNVHGFPZAZGA-UHFFFAOYSA-N,C12H28O3Si2,[M+H]+,276.157698,0,277.16431,4.392534551
208,209,citramalic acid,XFTRTWQBIOMVPK-UHFFFAOYSA-N,C14H32O5Si3,[M+H]+,364.155754,2,365.1619,4.610752986
209,210,citramalic acid,XFTRTWQBIOMVPK-UHFFFAOYSA-N,C14H32O5Si3,[M+H]+,364.155754,3,365.16205,4.198841329
210,211,tartaric acid,FEWJPZIEWOKRBE-LWMBPPNESA-N,C16H38O6Si4,[M+H]+,438.174545,2,439.18057,4.108025559
211,212,N-acetylornithine,JRLGPAXAGHMNOL-LURJTMIESA-N,C16H38N2O3Si3,[M+H]+,390.219023,2,391.22549,3.480179463
212,213,spermine,PFNFFQXMRSDOHW-UHFFFAOYSA-N,C25H66N4Si5,[M+H]+,562.413381,no correct formula,563.41748,6.625077489
213,214,(water loss)spermine,PFNFFQXMRSDOHW-UHFFFAOYSA-N,C25H64N4Si5,[M-H]+,560.397731,no correct formula,543.40088,28531.568
214,215,3-hydroxypropionic acid,ALRHLSYJTWAHJZ-UHFFFAOYSA-N,C9H22O3Si2,[M+H]+,234.110748,no correct formula,235.08116,159.8091183
215,216,3-hydroxypropionic acid,ALRHLSYJTWAHJZ-UHFFFAOYSA-N,C9H22O3Si2,[M+H]+,234.110748,0,235.11755,4.369864428
216,217,3-hydroxypropionic acid,ALRHLSYJTWAHJZ-UHFFFAOYSA-N,C9H22O3Si2,[M+H]+,234.110748,0,235.11764,3.985430989
217,218,3-hydroxypropionic acid,ALRHLSYJTWAHJZ-UHFFFAOYSA-N,C9H22O3Si2,[M+H]+,234.110748,1,235.11766,3.900001336
218,219,(water loss)dihydroxymalonic acid,VUCKYGJSXHHQOJ-UHFFFAOYSA-N,C9H18O5Si2,[M+H]+,262.069277,no correct formula,263.12347,176.930193
219,220,pyrophosphate 4 TMS,XPPKVPWEQAFLFU-UHFFFAOYSA-J,O7P2C12H32Si4,[M+H]+,462.070034,no correct formula,467.10767,8721.212525
220,221,(water loss)N-carbamoylaspartate 4 TMS,HLKXYZVTANABHZ-UHFFFAOYSA-N,C14H30N2O4Si3,[M+H]+,374.151337,1,375.15796,3.212689923
221,222,(water loss)saccharic acid,UBYZGUWQNIEQMH-UHFFFAOYSA-N,C18H40K1O7Si4,[M+H]+,519.148816,no correct formula,481.19025,71175.62408
222,223,(water loss)saccharic acid,UBYZGUWQNIEQMH-UHFFFAOYSA-N,C18H40K1O7Si4,[M+H]+,519.148816,no correct formula,481.18967,71176.74129
223,224,saccharic acid,UBYZGUWQNIEQMH-UHFFFAOYSA-N,C24H58K1O8Si6,[M+H]+,681.238435,no correct formula,643.28088,54239.0565
224,225,inosine 5'-monophosphate,AANLCWYVVNBGEE-IDIVVRGQSA-L,C25H51N4Na2O8P1Si5,[M+H]+,752.208623,no correct formula,709.24774,55773.16809
225,226,3-hydroxypyridine,GRFNBEZIAWKNCO-UHFFFAOYSA-N,C8H13N1O1Si1,[M+H]+,167.076641,0,168.08398,2.909037595
226,227,3-hydroxypyridine,GRFNBEZIAWKNCO-UHFFFAOYSA-N,C8H13N1O1Si1,[M+H]+,167.076641,no correct formula,168.16742,496.502487
227,228,3-hydroxypyridine,GRFNBEZIAWKNCO-UHFFFAOYSA-N,C8H13N1O1Si1,[M+H]+,167.076641,no correct formula,168.08833,23.12691796
228,229,phosphate,AJPJDKMHJJGVTQ-UHFFFAOYSA-M,H26Na1O4P1C9Si3,[M+H]+,336.07742,no correct formula,315.10303,59410.6113
229,230,(water loss)3-ureidopropionate,JSJWCHRYRHKBBW-UHFFFAOYSA-N,C10H22N2O2Si2,[M+H]+,258.121981,0,259.12949,1.224352257
230,231,capric acid,GHVNFZFCNZKVNT-UHFFFAOYSA-N,C13H28O2Si1,[M+H]+,244.185857,0,245.19325,1.76927622
231,232,capric acid,GHVNFZFCNZKVNT-UHFFFAOYSA-N,C13H28O2Si1,[M+H]+,244.185857,0,245.19327,1.687371394
232,233,3-ureidopropionate,JSJWCHRYRHKBBW-UHFFFAOYSA-N,C10H24N2O3Si2,[M+H]+,276.132546,0,277.13959,2.828468579
233,234,phenol,ISWSIDIOOBJBQZ-UHFFFAOYSA-N,C9H14O1Si1,[M+H]+,166.081392,0,167.08917,0.283187836
234,235,butyrolactam,HNJBEVLQSNELDL-UHFFFAOYSA-N,C7H15N1O1Si1,[M+H]+,157.092291,0,158.09962,3.157584798
235,236,(water loss)2-aminobutyric acid,QWCKQJZIFLGMSD-VKHMYHEASA-N,C10H23N1O1Si2,[M+H]+,229.131817,no correct formula,230.08148,253.8365601
236,237,2-aminobutyric acid,QWCKQJZIFLGMSD-VKHMYHEASA-N,C7H17N1O2Si1,[M+H]+,175.102855,0,176.11049,1.085260603
237,238,2-aminobutyric acid,QWCKQJZIFLGMSD-VKHMYHEASA-N,C7H17N1O2Si1,[M+H]+,175.102855,0,176.1104,1.599244227
238,239,2-ketobutyric acid,TYEYBOSBBBHJIV-UHFFFAOYSA-N,C8H17O3Si1N1,[M+H]+,203.09777,0,204.10553,0.320201596
239,240,2-aminobutyric acid,QWCKQJZIFLGMSD-VKHMYHEASA-N,C10H25N1O2Si2,[M+H]+,247.142382,0,248.1499,1.242329331
240,241,Nicotinic acid,PVNIIMVLHYAWGP-UHFFFAOYSA-N,C9H13N1O2Si1,[M+H]+,195.071555,0,196.07919,0.974166787
241,242,N-acetylputrescine,KLZGKIDSEJWEDW-UHFFFAOYSA-N,C12H30N2O1Si2,[M+H]+,274.189667,0,275.19727,0.809776066
242,243,tryptophol,MBBOMCVGYCRMEA-UHFFFAOYSA-N,C13H19N1O1Si1,[M]+,233.123591,0,233.12297,2.663823071
243,244,tryptophol,MBBOMCVGYCRMEA-UHFFFAOYSA-N,C16H27N1O1Si2,[M]+,305.163118,3,305.16275,1.205912439
244,245,cis-sinapinic acid,PCMORTLOPMLEFB-ONEGZZNKSA-N,C17H28O5Si2,[M+H]+,368.147527,1,369.15436,2.694659497
245,246,cis-sinapinic acid,PCMORTLOPMLEFB-ONEGZZNKSA-N,C17H28O5Si2,[M+H]+,368.147527,1,369.15454,2.205725071
246,247,cyclohexylamine,PAFZNILMFXTMIY-UHFFFAOYSA-N,C9H21N1Si1,[M-H]+,171.144326,0,170.13622,1.64170076
247,248,cyclohexylamine,PAFZNILMFXTMIY-UHFFFAOYSA-N,C9H21N1Si1,[M-H]+,171.144326,0,170.13644,0.356235999
248,249,2-hydroxyvaleric acid,JRHWHSJDIILJAT-UHFFFAOYSA-N,C11H26O3Si2,[M+H]+,262.142048,0,263.15036,1.857648453
249,250,2-hydroxyvaleric acid,JRHWHSJDIILJAT-UHFFFAOYSA-N,C11H26O3Si2,[M+H]+,262.142048,0,263.14948,1.499310137
250,251,2-hydroxyvaleric acid,JRHWHSJDIILJAT-UHFFFAOYSA-N,C11H26O3Si2,[M+H]+,262.142048,1,263.14944,1.651899164
251,252,2-hydroxyvaleric acid,JRHWHSJDIILJAT-UHFFFAOYSA-N,C11H26O3Si2,[M+H]+,262.142048,1,263.14944,1.651899164
252,253,acetaminophen (2 TMS),RZVAJINKPMORJF-UHFFFAOYSA-N,C14H25N1O2Si2,[M+H]+,295.142382,0,296.14935,2.903792482
253,254,acetaminophen (2 TMS),RZVAJINKPMORJF-UHFFFAOYSA-N,C11H17N1O2Si1,[M+H]+,223.102855,0,224.11012,2.510197505
254,255,(water loss)gulonolactone,SXZYCXMUPBBULW-SKNVOMKLSA-N,C15H32O5Si3,[M+H]+,376.155754,5,377.1636,0.055742255
255,256,(water loss)gulonolactone,SXZYCXMUPBBULW-SKNVOMKLSA-N,C18H40O5Si4,[M+H]+,448.195281,no correct formula,449.18396,42.71805849
256,257,N-acetylmannosamine,OVRNDRQMDRJTHS-ZTVVOAFPSA-N,C21H50N2O6Si4,[M+H]+,538.274593,no correct formula,539.28162,1.482574583
257,258,(water loss)2-monopalmitin,BBNYCLAREVXOSG-UHFFFAOYSA-N,C22H44O3Si1,[M-H]+,384.305972,1,383.29712,2.672265967
258,259,dimethylglycine,FFDGPVCHZBVARC-UHFFFAOYSA-N,C7H17N1O2Si1,[M+H]+,175.102855,0,176.11089,1.19911106
259,260,deoxyglucose,PMMURAAUARKVCB-CERMHHMHSA-N,C7H15O5N1,[M+H]+,193.095023,no correct formula,194.13618,172.6195075
260,261,(water loss)O-acetylserine,VZXPDPZARILFQX-BYPYZUCNSA-N,C8H15N1O3Si1,[M+H]+,201.08212,0,202.08955,1.964531854
261,262,deoxyglucose,PMMURAAUARKVCB-CERMHHMHSA-N,C10H23O5Si1N1,[M+H]+,265.134549,no correct formula,266.17563,125.4305329
262,263,O-acetylserine,VZXPDPZARILFQX-BYPYZUCNSA-N,C11H25N1O4Si2,[M+H]+,291.132211,0,292.1394,2.184685191
263,264,1-monopalmitin,PVNIQBQSYATKKL-UHFFFAOYSA-N,C57H114O6Si2,[M-H]+,950.815394,no correct formula,473.34827,501106.0001
264,265,(water loss)dihydroxyacetone phosphate,GNGACRATGGDKBX-UHFFFAOYSA-N,C9H21O5P1Si2,[M+H]+,296.066514,no correct formula,297.08176,25.06520467
265,266,L-dithiothreitol,VHJLVAABSRFDPM-IMJSIDKUSA-N,C13H34O2S2Si3,[M+H]+,370.130802,no correct formula,371.10016,103.9282114
266,267,dihydroxyacetone phosphate,GNGACRATGGDKBX-UHFFFAOYSA-N,C9H23O6P1Si2,[M+H]+,314.077079,no correct formula,315.10214,54.87814592
267,268,dihydroxyacetone phosphate,GNGACRATGGDKBX-UHFFFAOYSA-N,C3H7O6P1,[M-H]+,169.998025,no correct formula,169.05772,397.1812745
268,269,trans-3-hydroxy-L-proline,BJBUEDPLEOHJGE-IMJSIDKUSA-N,C11H25N1O3Si2,[M+H]+,275.137297,0,276.14383,4.695954507
269,270,trans-3-hydroxy-L-proline,BJBUEDPLEOHJGE-IMJSIDKUSA-N,C14H33N1O3Si3,[M+H]+,347.176824,1,348.18335,3.741702038
270,271,(water loss)dihydroxyacetone phosphate,GNGACRATGGDKBX-UHFFFAOYSA-N,C9H21O5P1Si2,[M]+,296.066514,no correct formula,296.07431,26.33192081
271,272,allo-inositol,CDAISMWEOUEBRE-UHFFFAOYSA-N,C24H60O6Si6,[M+H]+,612.300549,no correct formula,613.30573,4.318193466
272,273,9-phenanthrenol,DZKIUEHLEXLYKM-UHFFFAOYSA-N,C17H18O1Si1,[M+H]+,266.112692,2,267.11899,5.738291618
273,274,4-hydroxybenzyl cyanide,AYKYOOPFBCOXSL-UHFFFAOYSA-N,C8H7N1O1,[M]+,133.052764,no correct formula,133.04897,28.51500327
274,275,4-hydroxybenzyl cyanide,AYKYOOPFBCOXSL-UHFFFAOYSA-N,C11H15N1O1Si1,[M+H]+,205.092291,0,206.09946,3.198717157
275,276,4-hydroxybenzyl cyanide,AYKYOOPFBCOXSL-UHFFFAOYSA-N,C11H15N1O1Si1,[M+H]+,205.092291,0,206.09946,3.198717157
276,277,"(water loss)(1R,2S)-cis-1,2-dihydro-1,2-naphthalenediol",QPUHWUSUBHNZCG-VHSXEESVSA-N,C13H16O1Si1,[M+H]+,216.097042,0,217.1042,3.086725407
277,278,"(1R,2S)-cis-1,2-dihydro-1,2-naphthalenediol",QPUHWUSUBHNZCG-VHSXEESVSA-N,C16H26O2Si2,[M+H]+,306.147133,0,307.1543,2.149398636
278,279,"(1R,2S)-cis-1,2-dihydro-1,2-naphthalenediol",QPUHWUSUBHNZCG-VHSXEESVSA-N,C16H26O2Si2,[M+H]+,306.147133,0,307.15436,1.953414439
279,280,hypoxanthine,FDGQSTZJBFJUBT-UHFFFAOYSA-N,C11H20N4O1Si2,[M+H]+,280.117564,0,281.12494,1.603013476
280,281,hypoxanthine,FDGQSTZJBFJUBT-UHFFFAOYSA-N,C8H12N4O1Si1,[M+H]+,208.078038,1,209.08528,2.80198831
281,282,(water loss)L-gulonic acid Î³-lactone,SXZYCXMUPBBULW-SKNVOMKLSA-N,C15H32O5Si3,[M+H]+,376.155754,3,377.16318,1.060816499
282,283,L-gulonic acid Î³-lactone,SXZYCXMUPBBULW-SKNVOMKLSA-N,C18H42O6Si4,[M+H]+,466.205845,no correct formula,467.21252,2.466790673
283,284,spermidine,ATHGHQPFGPMSJY-UHFFFAOYSA-N,C19H51N3Si4,[M+H]+,433.316005,2,434.3237,0.300086377
284,285,spermidine,ATHGHQPFGPMSJY-UHFFFAOYSA-N,C22H59N3Si5,[M+H]+,505.355532,7,506.36325,0.211795901
285,286,(water loss)3-ureidopropionate,JSJWCHRYRHKBBW-UHFFFAOYSA-N,C7H14N2O2Si1,[M+H]+,186.082454,no correct formula,187.16943,425.3542775
286,287,cyclohexanamine,PAFZNILMFXTMIY-UHFFFAOYSA-N,C12H29N1Si2,[M]+,243.183853,0,243.18295,3.713239958
287,288,(water loss)3-ureidopropionate,JSJWCHRYRHKBBW-UHFFFAOYSA-N,C10H22N2O2Si2,[M+H]+,258.121981,0,259.12927,2.076662468
288,289,trans-4-hydroxy-L-proline,PMMYEEVYMWASQN-DMTCNVIQSA-N,C11H25N1O3Si2,[M+H]+,275.137297,0,276.14468,1.606587819
289,290,trans-4-hydroxy-L-proline,PMMYEEVYMWASQN-DMTCNVIQSA-N,C11H25N1O3Si2,[M+H]+,275.137297,3,276.14478,1.243132915
290,291,trans-4-hydroxy-L-proline,PMMYEEVYMWASQN-DMTCNVIQSA-N,C14H33N1O3Si3,[M+H]+,347.176824,1,348.18424,1.178166864
291,292,3-ureidopropionate,JSJWCHRYRHKBBW-UHFFFAOYSA-N,C7H16N2O3Si1,[M+H]+,204.093019,0,205.10049,1.734661145
292,293,3-ureidopropionate,JSJWCHRYRHKBBW-UHFFFAOYSA-N,C10H24N2O3Si2,[M+H]+,276.132546,0,277.13983,1.95932076
293,294,DL-isocitric acid,ODBLHEXUDAPZAU-UHFFFAOYSA-N,C18H40O7Si4,[M+H]+,480.18511,no correct formula,481.19235,1.218347295
294,295,(water loss)salicylaldehyde,SMQUZDBALVYZAC-UHFFFAOYSA-N,C7H4O1,[M-H]+,104.026215,no correct formula,103.05741,375.0980676
295,296,"4',5,7-trihydroxyisoflavone",TZBJGXHYKVUXJN-UHFFFAOYSA-N,C24H34O5Si3,[M+H]+,486.171404,3,487.17926,0.063697226
296,297,D-(-)-mannitol,FBPFZTCFMRRESA-KVTDHHQDSA-N,C18H46O6Si4,[M+H]+,470.237145,no correct formula,471.14795,206.3214981
297,298,synephrine,YRCWQPVGYLYSOX-UHFFFAOYSA-N,C15H29N1O2Si2,[M+H]+,311.173682,0,312.18112,1.243782017
298,299,synephrine,YRCWQPVGYLYSOX-UHFFFAOYSA-N,C15H29N1O2Si2,[M+H]+,311.173682,0,312.18115,1.147372836
299,300,synephrine,YRCWQPVGYLYSOX-UHFFFAOYSA-N,C18H37N1O2Si3,[M-H]+,383.213209,1,382.20511,0.714922564
300,301,synephrine,YRCWQPVGYLYSOX-UHFFFAOYSA-N,C18H37N1O2Si3,[M+H]+,383.213209,1,384.22043,1.576230192
301,302,6-methylmercaptopurine,UIJIQXGRFSPYQW-UHFFFAOYSA-N,C9H14N4S1Si1,[M+H]+,238.070844,1,239.07819,2.01214152
302,303,(water loss)benzoylformic acid,FAQJJMHZNSSFSM-UHFFFAOYSA-N,C11H12O2Si1,[M]+,204.060656,no correct formula,204.00763,259.8541093
303,304,benzoylformic acid,FAQJJMHZNSSFSM-UHFFFAOYSA-N,C11H14O3Si1,[M-H]+,222.071221,no correct formula,221.08478,96.29357705
304,305,fumaric acid,VZCYOOQTPOCHFL-OWOJBTEDSA-N,C10H20O4Si2,[M+H]+,260.090012,1,261.09747,1.411173875
305,306,9-hydroxyfluorene,AFMVESZOYKHDBJ-UHFFFAOYSA-N,C16H18O1Si1,[M+H]+,254.112692,1,255.11993,2.31012558
306,307,D-(+)-panthenol,SNPLKNRPJHDVJA-UHFFFAOYSA-N,C18H43N1O4Si3,[M+H]+,421.249988,no correct formula,422.25763,0.434497888
307,308,aniline-o-sulfonic acid,ZMCHBSMFKQYNKA-UHFFFAOYSA-N,C6H7N1O3S1,[M-H]+,173.014664,nan,172.15186,838.2008142
308,309,3-(1-pyrazolyl)-L-alanine,PIGOPELHGLPKLL-YFKPBYRVSA-N,C12H25N3O2Si2,[M+H]+,299.14853,0,300.15637,0.050034576
309,310,(water loss)N-acetyl-D-tryptophan,DZTHIGRZJZPRDV-GFCCVEGCSA-N,C16H20N2O2Si1,[M]+,300.129404,no correct formula,300.12085,28.5010395
310,311,aniline-o-sulfonic acid,ZMCHBSMFKQYNKA-UHFFFAOYSA-N,C12H23N1O3S1Si2,[M+H]+,317.093718,0,318.10107,1.491774208
311,312,N-acetyl-D-tryptophan,DZTHIGRZJZPRDV-GFCCVEGCSA-N,C19H30N2O3Si2,[M+H]+,390.179496,0,391.18695,0.950927032
312,313,N-acetyl-D-tryptophan,DZTHIGRZJZPRDV-GFCCVEGCSA-N,C16H22N2O3Si1,[M+H]+,318.139969,1,319.14734,1.427146144
313,314,(water loss)D-(+)-Pantothenic acid,GHOKWGTUZJEAQD-ZETCQYMHSA-N,C9H15N1O4,[M+H]+,201.100108,no correct formula,202.1261,90.33793144
314,315,dehydroascorbic acid,SBJKKFFYIZUCET-JLAZNSOCSA-N,C9H14O6Si1,[M+H]+,246.055965,no correct formula,247.1174,217.8771312
315,316,methyl jasmonate,GEWDNTWNSAZUDX-WQMVXFAESA-N,C14H23O3N1,[M+H]+,253.167794,0,254.17512,1.971152105
316,317,D-(+)-Pantothenic acid,GHOKWGTUZJEAQD-ZETCQYMHSA-N,C18H41N1O5Si3,[M+H]+,435.229253,2,436.237,0.179289948
317,318,"N,N-dimethylglycine",FFDGPVCHZBVARC-UHFFFAOYSA-N,C7H17N1O2Si1,[M+H]+,175.102855,0,176.11047,1.199479186
318,319,"N,N-dimethylglycine",FFDGPVCHZBVARC-UHFFFAOYSA-N,C7H17N1O2Si1,[M+H]+,175.102855,0,176.11122,3.083717681
319,320,(water loss)N-acetyl-L-cysteine,PWKSKIMOESPYIA-BYPYZUCNSA-N,C5H7N1O2S1,[M-H]+,145.01975,no correct formula,144.06572,370.9496964
320,321,(water loss)N-acetyl-L-cysteine,PWKSKIMOESPYIA-BYPYZUCNSA-N,C5H7N1O2S1,[M]+,145.01975,no correct formula,145.08585,455.7999859
321,322,2-hydroxyphenylacetic acid,CCVYRRGZDBSHFU-UHFFFAOYSA-N,C14H24O3Si2,[M]+,296.126398,5,296.12601,1.310251307
322,323,"2,3-dihydroxybiphenyl",YKOQAAJBYBTSBS-UHFFFAOYSA-N,C18H26O2Si2,[M+H]+,330.147133,0,331.15399,2.93212369
323,324,(-)-epicatechin,PFTAWBLQPZVEMU-UKRRQHHQSA-N,C30H54O6Si5,[M+H]+,650.276672,no correct formula,651.2818,4.147514967
324,325,2-(4-hydroxyphenyl)ethanol,YCCILVSKPBXVIP-UHFFFAOYSA-N,C14H26O2Si2,[M]+,282.147133,4,282.14685,1.003022774
325,326,2-amino-3-methoxybenzoic acid,SXOPCLUOUFQBJV-UHFFFAOYSA-N,C11H17N1O3Si1,[M]+,239.09777,1,239.09764,0.543710633
326,327,2-amino-3-methoxybenzoic acid,SXOPCLUOUFQBJV-UHFFFAOYSA-N,C14H25N1O3Si2,[M+H]+,311.137297,0,312.14484,0.906455872
327,328,3-chloro-L-tyrosine,ACWBBAGYTKWBCD-ZETCQYMHSA-N,C18H34Cl1N1O3Si3,[M+H]+,431.153501,no correct formula,432.16138,0.125170664
328,329,(water loss)3-chloro-L-tyrosine,ACWBBAGYTKWBCD-ZETCQYMHSA-N,C18H32Cl1N1O2Si3,[M+H]+,413.142937,no correct formula,414.20639,134.6458157
329,330,(water loss)3-chloro-L-tyrosine,ACWBBAGYTKWBCD-ZETCQYMHSA-N,C15H24Cl1N1O2Si2,[M+H]+,341.10341,no correct formula,342.16693,163.2788361
330,331,methoxytryptamine,JTEJPPKMYBDEMY-UHFFFAOYSA-N,C17H30N2O1Si2,[M+H]+,334.189667,0,335.19708,1.232929293
331,332,methoxytryptamine,JTEJPPKMYBDEMY-UHFFFAOYSA-N,C20H38N2O1Si3,[M+H]+,406.229193,no correct formula,407.23669,0.807505309
332,333,uridine 5â€²-monophosphate,DJJCXFVJDGTHFX-XVFCMESISA-N,C21H45N2O9P1Si4,[M+H]+,612.193974,no correct formula,613.20215,0.573295042
333,334,(water loss)biuret,OHJMTUPIZMNBFR-UHFFFAOYSA-N,C8H19N3O1Si2,[M+H]+,229.106665,no correct formula,230.08136,144.6052747
334,335,(water loss)2-hydroxychalcone,UDOOPSJCRMKSGL-ZHACJKMWSA-N,C16H13O1N1,[M+H]+,235.099714,no correct formula,236.11356,25.61027263
335,336,orcinol,OIPPWFOQEKKFEE-UHFFFAOYSA-N,C13H24O2Si2,[M]+,268.131483,1,268.13132,0.607910709
336,337,orcinol,OIPPWFOQEKKFEE-UHFFFAOYSA-N,C13H24O2Si2,[M+H]+,268.131483,0,269.13895,1.335286054
337,338,(water loss)fluorene,NIHNNTQXNPWCJQ-UHFFFAOYSA-N,C13H8,[M+H]+,164.0626,no correct formula,149.0452,85391.64299
338,339,dopamine,CTENFNNZBMHDDG-UHFFFAOYSA-N,C20H44Cl1N1O2Si4,[M+H]+,477.213763,no correct formula,442.245,71165.04301
339,340,dopamine,CTENFNNZBMHDDG-UHFFFAOYSA-N,C20H44Cl1N1O2Si4,[M+H]+,477.213763,no correct formula,442.24512,71164.79155
340,341,dopamine,CTENFNNZBMHDDG-UHFFFAOYSA-N,C20H44Cl1N1O2Si4,[M+H]+,477.213763,no correct formula,442.24512,71164.79155
341,342,arachidic acid,VKOBVWXKNCXXDE-UHFFFAOYSA-N,C23H48O2Si1,[M-H]+,384.342357,0,383.3345,0.083175246
342,343,(water loss)methyl-Î²-D-galactopyranoside,HOVAGTYPODGVJG-TVPFVARWSA-N,C7H12O5,[M+H]+,176.068473,no correct formula,177.05746,106.9926484
343,344,L-alanine-D4,QNAYBMKLOCPYGJ-IALWIIEESA-N,C9H23N1O2Si2,[M+H]+,233.126732,no correct formula,238.15869,17261.56813
344,345,L-alanine-D4,QNAYBMKLOCPYGJ-IALWIIEESA-N,C9H23N1O2Si2,[M+H]+,233.126732,no correct formula,238.15871,17261.65392
345,346,L-alanine-D4,QNAYBMKLOCPYGJ-IALWIIEESA-N,C9H23N1O2Si2,[M+H]+,233.126732,no correct formula,238.15865,17261.39655
346,347,DL-3-aminoisobutyric acid,QCHPKSFMDHPSNR-UHFFFAOYSA-N,C10H25N1O2Si2,[M+H]+,247.142382,0,248.14911,4.438867268
347,348,DL-3-aminoisobutyric acid,QCHPKSFMDHPSNR-UHFFFAOYSA-N,C10H25N1O2Si2,[M+H]+,247.142382,0,248.14897,5.005342346
348,349,DL-3-aminoisobutyric acid,QCHPKSFMDHPSNR-UHFFFAOYSA-N,C10H25N1O2Si2,[M+H]+,247.142382,0,248.14893,5.167192368
349,350,DL-3-aminoisobutyric acid,QCHPKSFMDHPSNR-UHFFFAOYSA-N,C13H33N1O2Si3,[M+H]+,319.181909,3,320.1882,4.806137775
350,351,(water loss)N-acetyl-L-glutamic acid,RFMMMVDNIPUKGG-YFKPBYRVSA-N,C10H17N1O4Si1,[M+H]+,243.092685,0,244.09929,5.018794498
351,352,phenylphosphoric acid,CMPQUABWPXYYSH-UHFFFAOYSA-N,C12H23O4P1Si2,[M+H]+,318.087249,5,319.09375,4.162481313
352,353,N-acetyl-L-glutamic acid,RFMMMVDNIPUKGG-YFKPBYRVSA-N,C13H27N1O5Si2,[M+H]+,333.142776,0,334.14923,4.115449377
353,354,alizarin,RGCKGOZRHPZPFP-UHFFFAOYSA-N,C20H24O4Si2,[M+H]+,384.121312,no correct formula,385.12766,3.845223329
354,355,acetoacetate,WDJHALXBUFZDSR-UHFFFAOYSA-M,C7H13O3Si1,[M-H]+,173.063396,nan,172.15122,552.6820485
355,356,(water loss)DL-4-hydroxy-3-methoxymandelic acid,CGQCWMIAEPEHNQ-UHFFFAOYSA-N,C12H16O4Si1,[M+H]+,252.081786,no correct formula,253.12408,136.7372404
356,357,3-(4-hydroxyphenyl)propionic acid,NMHMNPHRMNGLLB-UHFFFAOYSA-N,C15H26O3Si2,[M+H]+,310.142048,3,311.14798,6.10375872
357,358,DL-4-hydroxy-3-methoxymandelic acid,CGQCWMIAEPEHNQ-UHFFFAOYSA-N,C18H34O5Si3,[M+H]+,414.171404,no correct formula,415.17673,6.03381162
358,359,lactamide,SXQFCVDSOLSHOQ-UHFFFAOYSA-N,C6H15N1O2Si1,[M+H]+,161.087205,0,162.09412,5.649314171
359,360,3-hydroxybenzyl alcohol,OKVJCVWFVRATSG-UHFFFAOYSA-N,C13H24O2Si2,[M]+,268.131483,1,268.13007,5.269802651
360,361,4-hydroxy-3-methoxybenzoic acid,WKOLLVMJNQIZCI-UHFFFAOYSA-N,C14H24O4Si2,[M+H]+,312.121312,0,313.12759,4.956509442
361,362,(water loss)Asp-Glu,CKAJHWFHHFSCDT-WHFBIAKZSA-N,C15H28N2O6Si2,[M+H]+,388.14859,0,389.15509,3.413724188
362,363,(water loss)Asp-Glu,CKAJHWFHHFSCDT-WHFBIAKZSA-N,C18H36N2O6Si3,[M+H]+,460.188116,2,461.19437,3.413891353
363,364,phloretin,VGEREEWJJVICBM-UHFFFAOYSA-N,C27H46O5Si4,[M+H]+,562.242231,no correct formula,563.24823,3.247767829
364,365,phenylalanine,COLNVLDHVKWLRT-QMMMGPOBSA-N,C12H19N1O2Si1,[M+H]+,237.118505,0,238.12528,4.428301494
365,366,phloroglucinol,QCDYQQDYXPDABM-UHFFFAOYSA-N,C15H30O3Si3,[M+H]+,342.150274,0,343.15634,5.141110102
366,367,"DL-3,4-dihydroxyphenylglycol",MTVWFVDWRVYDOR-UHFFFAOYSA-N,C11H18O4Si1,[M+H]+,242.097436,no correct formula,243.23126,520.4473449
367,368,"DL-3,4-dihydroxyphenylglycol",MTVWFVDWRVYDOR-UHFFFAOYSA-N,C14H26O4Si2,[M+H]+,314.136962,no correct formula,315.10211,135.8548576
368,369,"DL-3,4-dihydroxyphenylglycol",MTVWFVDWRVYDOR-UHFFFAOYSA-N,C14H26O4Si2,[M+H]+,314.136962,no correct formula,315.10208,135.9503573
369,370,"DL-3,4-dihydroxyphenylglycol",MTVWFVDWRVYDOR-UHFFFAOYSA-N,C20H42O4Si4,[M-H]+,458.216016,6,457.20608,4.606927074
370,371,L-kynurenine,YGPSJZOEDVAXAB-QMMMGPOBSA-N,C16H28N2O3Si2,[M+H]+,352.163846,0,353.16952,6.108043896
371,372,L-kynurenine,YGPSJZOEDVAXAB-QMMMGPOBSA-N,C19H36N2O3Si3,[M]+,424.203373,no correct formula,424.20209,3.024492688
372,373,4-hydroxy-6-methyl-2-pyrone,NSYSSMYQPLSPOD-UHFFFAOYSA-N,C6H6O3,[M+H]+,126.031694,0,127.03869,6.577966253
373,374,4-hydroxyquinoline,PMZDQRJGMBOQBF-UHFFFAOYSA-N,C12H15N1O1Si1,[M]+,217.092291,0,217.0914,4.104245231
374,375,4-hydroxyquinoline,PMZDQRJGMBOQBF-UHFFFAOYSA-N,C12H15N1O1Si1,[M+H]+,217.092291,0,218.09946,3.021904771
375,376,3-methyl-L-histidine,JDHILDINMRGULE-LURJTMIESA-N,C13H27N3O2Si2,[M+H]+,313.16418,0,314.17081,3.815992717
376,377,phenaceturic acid,UTYVDVLMYQPLQB-UHFFFAOYSA-N,C13H19N1O3Si1,[M+H]+,265.11342,0,266.12018,4.017270156
377,378,farnesol,CRDAMVZIKSXKFV-YFVJMOTDSA-N,C15H26O1,[M-H]+,222.198365,no correct formula,221.08411,478.9862777
378,379,urethane,JOYRKODLDBILNP-UHFFFAOYSA-N,C6H15N1O2Si1,[M+H]+,161.087205,0,162.09428,4.656063342
379,380,urethane,JOYRKODLDBILNP-UHFFFAOYSA-N,C6H15N1O2Si1,[M+H]+,161.087205,0,162.09433,4.345672457
380,381,"dihydro-4,4-dimethyl-2,3-furandione",HRTOQFBQOFIFEE-UHFFFAOYSA-N,C7H11O3N1,[M+H]+,157.073893,no correct formula,158.09938,112.4436877
381,382,4-guanidinobutyric acid,TUHVEAJXIMEOSA-UHFFFAOYSA-N,C8H19N3O2Si1,[M+H]+,217.124653,no correct formula,218.15668,111.4657752
382,383,beta-alanine,UCMIRNVEIXFBKS-UHFFFAOYSA-N,C12H31N1O2Si3,[M+H]+,305.166259,1,306.17267,4.633645393
383,384,beta-alanine,UCMIRNVEIXFBKS-UHFFFAOYSA-N,C12H31N1O2Si3,[M+H]+,305.166259,1,306.17255,5.026873662
384,385,(water loss)4-guanidinobutyric acid,TUHVEAJXIMEOSA-UHFFFAOYSA-N,C8H17N3O1Si1,[M+H]+,199.114089,0,200.12073,5.946501505
385,386,4-hydroxyphenylacetic acid,XQXPVVBIMDBYFF-UHFFFAOYSA-N,C14H24O3Si2,[M+H]+,296.126398,4,297.13287,4.569103731
386,387,(water loss)N-carbamyl-L-glutamic acid,LCQLHJZYVOQKHU-VKHMYHEASA-N,C15H32N2O4Si3,[M+H]+,388.166987,0,389.17364,3.019402137
387,388,(water loss)N-carbamyl-L-glutamic acid,LCQLHJZYVOQKHU-VKHMYHEASA-N,C12H24N2O4Si2,[M+H]+,316.12746,0,317.13406,3.875121225
388,389,N-carbamyl-L-glutamic acid,LCQLHJZYVOQKHU-VKHMYHEASA-N,C12H26N2O5Si2,[M+H]+,334.138025,0,335.14386,5.955719137
389,390,N-carbamyl-L-glutamic acid,LCQLHJZYVOQKHU-VKHMYHEASA-N,C15H34N2O5Si3,[M+H]+,406.177552,1,407.18317,5.433663724
390,391,guanosine,NYHBQMYGNKIUIF-UUOKFMHZSA-N,C22H45N5O5Si4,[M+H]+,571.249776,no correct formula,572.25598,2.837694294
391,392,guanosine,NYHBQMYGNKIUIF-UUOKFMHZSA-N,C25H53N5O5Si5,[M+H]+,643.289303,no correct formula,644.2945,4.085303794
392,393,(water loss)acetanilide,FZERHIULMFGESH-UHFFFAOYSA-N,C11H15N1Si1,[M+H]+,189.097376,no correct formula,190.12556,107.6639359
393,394,acetanilide,FZERHIULMFGESH-UHFFFAOYSA-N,C11H17N1O1Si1,[M+H]+,207.107941,0,208.11458,5.726638121
394,395,L-pyroglutamic acid,ODHCTXKNWHHXJC-VKHMYHEASA-N,C5H7N1O3,[M]+,129.042593,no correct formula,129.10202,460.5223641
395,396,L-pyroglutamic acid,ODHCTXKNWHHXJC-VKHMYHEASA-N,C8H15N1O3Si1,[M+H]+,201.08212,0,202.0891,4.202423517
396,397,L-pyroglutamic acid,ODHCTXKNWHHXJC-VKHMYHEASA-N,C11H23N1O3Si2,[M+H]+,273.121647,0,274.12845,3.742040374
397,398,L-pyroglutamic acid,ODHCTXKNWHHXJC-VKHMYHEASA-N,C11H23N1O3Si2,[M+H]+,273.121647,0,274.12854,3.412516878
398,399,L-ornithine,AHLPHDHHMVZTML-BYPYZUCNSA-N,C14H36N2O2Si3,[M+H]+,348.208458,1,349.21463,4.747248931
399,400,L-ornithine,AHLPHDHHMVZTML-BYPYZUCNSA-N,C17H44N2O2Si4,[M+H]+,420.247985,2,421.25384,4.687785071
400,401,pyridoxine,LXNHXLLTXMVWPM-UHFFFAOYSA-N,C17H35N1O3Si3,[M+H]+,385.192474,2,386.19888,3.683956271
401,402,(water loss)pyridoxine,LXNHXLLTXMVWPM-UHFFFAOYSA-N,C14H25N1O2Si2,[M+H]+,295.142382,no correct formula,296.14551,15.91446202
402,403,5â€²-deoxy-5â€²-(methylthio)adenosine,WUUGFSXJNOTRMR-IOSLPCCCSA-N,C17H31N5O3S1Si2,[M+H]+,441.168614,6,442.17496,3.352532757
403,404,5â€²-deoxy-5â€²-(methylthio)adenosine,WUUGFSXJNOTRMR-IOSLPCCCSA-N,C20H39N5O3S1Si3,[M+H]+,513.208141,no correct formula,514.21484,2.19410438
404,405,nicotinic acid,PVNIIMVLHYAWGP-UHFFFAOYSA-N,C9H13N1O2Si1,[M+H]+,195.071555,0,196.07867,3.639855283
405,406,lauric acid,POULHZVOKOAJMA-UHFFFAOYSA-N,C15H32O2Si1,[M+H]+,272.217157,0,273.22382,4.268769253
406,407,citric acid,KRKNYBCHXYNGOX-UHFFFAOYSA-N,C18H40O7Si4,[M+H]+,480.18511,9,481.1919,2.155485892
407,408,"3,5-dimethoxy-4-hydroxycinnamic acid",PCMORTLOPMLEFB-ONEGZZNKSA-N,C17H28O5Si2,[M+H]+,368.147527,5,369.15311,6.090037459
408,409,"3,5-dimethoxy-4-hydroxycinnamic acid",PCMORTLOPMLEFB-ONEGZZNKSA-N,C17H28O5Si2,[M+H]+,368.147527,1,369.15329,5.601103033
409,410,liquiritigenin,FURUXTVZLHCCNA-AWEZNQCLSA-N,C21H28O4Si2,[M+H]+,400.152612,2,401.15866,4.440886244
410,411,alanine,QNAYBMKLOCPYGJ-UHFFFAOYSA-N,C9H23N1O2Si2,[M+H]+,233.126732,0,234.13409,2.003340526
411,412,alanine,QNAYBMKLOCPYGJ-UHFFFAOYSA-N,C9H23N1O2Si2,[M+H]+,233.126732,0,234.13452,0.158850209
412,413,isoleucine,AGPKZVBTJJNPAG-WHFBIAKZSA-N,C9H21N1O2Si1,[M+H]+,203.134155,0,204.14194,0.197072865
413,414,isoleucine,AGPKZVBTJJNPAG-WHFBIAKZSA-N,C9H21N1O2Si1,[M+H]+,203.134155,0,204.14175,1.132415324
414,415,isoleucine,AGPKZVBTJJNPAG-WHFBIAKZSA-N,C12H29N1O2Si2,[M+H]+,275.173682,0,276.1814,0.388962452
415,416,isoleucine,AGPKZVBTJJNPAG-WHFBIAKZSA-N,C12H29N1O2Si2,[M+H]+,275.173682,0,276.1814,0.388962452
416,417,glycine,DHMQDGOQFOQNFH-UHFFFAOYSA-N,C11H29N1O2Si3,[M+H]+,291.150609,1,292.15832,0.391660627
417,418,aspartic acid,CKLJMWTZIZZHCS-REOHCLBHSA-N,C10H23N1O4Si2,[M+H]+,277.116561,0,278.12448,0.339091138
418,419,(water loss)asparagine,DCXYFEDJOCDNAF-REOHCLBHSA-N,C10H22N2O2Si2,[M+H]+,258.121981,0,259.12985,0.170337179
419,420,aspartic acid,CKLJMWTZIZZHCS-REOHCLBHSA-N,C13H31N1O4Si3,[M+H]+,349.156088,1,350.164,0.249079919
420,421,(water loss)glycine,DHMQDGOQFOQNFH-UHFFFAOYSA-N,C11H27N1O1Si3,[M+H]+,273.140044,no correct formula,274.12943,67.50761243
421,422,glutamic acid,WHUUTDBJXJRKMK-VKHMYHEASA-N,C14H33N1O4Si3,[M+H]+,363.171738,1,364.17935,0.586588128
422,423,leucine,ROHFNLRQFUQHCH-YFKPBYRVSA-N,C9H21N1O2Si1,[M+H]+,203.134155,0,204.14189,0.443215618
423,424,leucine,ROHFNLRQFUQHCH-YFKPBYRVSA-N,C9H21N1O2Si1,[M+H]+,203.134155,0,204.14206,0.39366974
424,425,proline,ONIBWKKTOPOVIA-BYPYZUCNSA-N,C8H17N1O2Si1,[M+H]+,187.102855,0,188.11064,0.213958413
425,426,serine,MTCFGRXMJLQNBG-REOHCLBHSA-N,C9H23N1O3Si2,[M+H]+,249.121647,0,250.12956,0.353111707
426,427,threonine,AYFVYJQAPQTCCC-GBXIJSLDSA-N,C10H25N1O3Si2,[M+H]+,263.137297,0,264.14514,0.068282871
427,428,proline,ONIBWKKTOPOVIA-BYPYZUCNSA-N,C8H17N1O2Si1,[M]+,187.102855,no correct formula,187.16975,357.5306213
428,429,phenylalanine,COLNVLDHVKWLRT-QMMMGPOBSA-N,C12H19N1O2Si1,[M+H]+,237.118505,0,238.12622,0.464038983
429,430,(water loss)serine,MTCFGRXMJLQNBG-REOHCLBHSA-N,C12H29N1O2Si3,[M+H]+,303.150609,no correct formula,304.14002,60.74219112
430,431,tyrosine,OUYCCCASQSFEME-QMMMGPOBSA-N,C18H35N1O3Si3,[M+H]+,397.192474,0,398.20035,0.12832008
431,432,tryptophan,QIVBCDIJIAJPQS-VIFPVBQESA-N,C20H36N2O2Si3,[M+H]+,420.208458,1,421.2157,1.387483329
432,433,isocitrate,ODBLHEXUDAPZAU-UHFFFAOYSA-N,C6H8O7,[M-H]+,192.027003,no correct formula,191.11632,505.8769377
433,434,pyruvate,LCTONWCANYUPML-UHFFFAOYSA-M,C7H14O3Si1N1,[M+H]+,188.074295,no correct formula,190.14471,5649.841557
434,435,pyruvate,LCTONWCANYUPML-UHFFFAOYSA-M,C7H14O3Si1N1,[M+H]+,188.074295,no correct formula,190.14435,5647.92742
435,436,pyruvate,LCTONWCANYUPML-UHFFFAOYSA-M,C7H14O3Si1N1,[M+H]+,188.074295,no correct formula,190.12645,5552.752266
436,437,pyruvate,LCTONWCANYUPML-UHFFFAOYSA-M,C7H14O3Si1N1,[M+H]+,188.074295,no correct formula,190.08995,5358.680025
437,438,pyruvate,LCTONWCANYUPML-UHFFFAOYSA-M,C7H14O3Si1N1,[M+H]+,188.074295,no correct formula,190.12627,5551.795198
438,439,pyruvate,LCTONWCANYUPML-UHFFFAOYSA-M,C7H14O3Si1N1,[M+H]+,188.074295,no correct formula,190.12624,5551.635686
439,440,(water loss)pyruvate,LCTONWCANYUPML-UHFFFAOYSA-M,C7H12O2Si1N1,[M+H]+,170.06373,no correct formula,172.07936,5926.042947
440,441,succinate,KDYFGRWQOYBRFD-UHFFFAOYSA-L,C10H20O4Si2,[M+H]+,260.090012,no correct formula,263.11334,7749.2517
441,442,fumarate,VZCYOOQTPOCHFL-OWOJBTEDSA-L,C10H18O4Si2,[M+H]+,258.074362,no correct formula,261.09769,7809.776036
442,443,(water loss)fumarate,VZCYOOQTPOCHFL-OWOJBTEDSA-L,C7O3H8Si1,[M-H]+,168.024271,no correct formula,169.05881,158.9887438
443,444,malate,BJEPYKJPYRNKOW-UHFFFAOYSA-L,C13H28O5Si3,[M+H]+,348.124454,no correct formula,351.14716,5787.817962
444,445,alpha-ketoglutarate,KPGXRSRHYNQIFN-UHFFFAOYSA-L,C12H23O5Si2N1,[M+H]+,317.111476,no correct formula,320.13522,6357.130285
445,446,citrate,KRKNYBCHXYNGOX-UHFFFAOYSA-K,C18H37O7Si4,[M+H]+,477.161635,no correct formula,481.19266,6335.798493
446,447,citrulline,RHGKLRLOHDJJDR-BYPYZUCNSA-N,C12H29N3O3Si2,[M]+,319.174745,no correct formula,319.17639,5.153916548
447,448,(water loss)citrulline,RHGKLRLOHDJJDR-BYPYZUCNSA-N,C9H19N3O2Si1,[M+H]+,229.124653,no correct formula,230.08113,224.1052264
448,449,pyridoxal,RADKZDMFGJYCBB-UHFFFAOYSA-N,C15H28N2O3Si2,[M+H]+,340.163846,0,341.17038,3.795324651
449,450,uridine,DRTQHJPVMGBUCF-XVFCMESISA-N,C18H36N2O6Si3,[M+H]+,460.188116,2,461.19376,4.739436231
450,451,(water loss)guanidinobutyric acid,TUHVEAJXIMEOSA-UHFFFAOYSA-N,C11H25N3O1Si2,[M+H]+,271.153616,no correct formula,272.09146,258.0862954
451,452,glutaric acid,JFCQEDHGNNZCLN-UHFFFAOYSA-N,C11H24O4Si2,[M+H]+,276.121312,1,277.12787,4.588679595
452,453,(water loss)gamma-aminobutyric acid,BTCSSZJGUNDROE-UHFFFAOYSA-N,C7H15N1O1Si1,[M-H]+,157.092291,0,156.08337,6.976585312
453,454,gamma-aminobutyric acid,BTCSSZJGUNDROE-UHFFFAOYSA-N,C10H25N1O2Si2,[M+H]+,247.142382,0,248.14856,6.664305073
454,455,(water loss)palmitoleic acid,SECPZKHBENQXJG-FPLPWBNLSA-N,C19H36O1Si1,[M+H]+,308.253542,nan,309.37378,364.6769703
455,456,d-(+)-galacturonic acid,IAJILQKETJEXLJ-RSJOWCBRSA-N,C21H50O7Si5,[M+H]+,554.240287,no correct formula,555.2475,1.104272361
456,457,palmitoleic acid,SECPZKHBENQXJG-FPLPWBNLSA-N,C19H38O2Si1,[M+H]+,326.264107,1,327.27036,4.818281252
457,458,guanine,UYTPUPDQBNUYGX-UHFFFAOYSA-N,C14H29N5O1Si3,[M+H]+,367.16799,2,368.17386,5.324626011
458,459,acetyl leucine,WXNXCEHXYPACJF-ZETCQYMHSA-N,C11H23N1O3Si1,[M+H]+,245.14472,0,246.15131,5.037971978
459,460,hypotaurine,VVIUBCNYACGLLV-UHFFFAOYSA-N,C8H23N1O2S1Si2,[M+H]+,253.098803,2,254.1051,6.037295364
460,461,L-cystine,LEVWYRKDKASIDU-IMJSIDKUSA-N,C12H28N2O4S2Si2,[M+H]+,384.102903,no correct formula,385.12482,36.68800121
461,462,alpha-aminoadipic acid,OYIFNHCXNCRBQI-UHFFFAOYSA-N,C15H35N1O4Si3,[M+H]+,377.187388,1,378.19379,3.772746055
462,463,phosphocholine,YHHSONZFOIEMCP-UHFFFAOYSA-N,C11H30N1O4P1Si2,[M-H]+,327.145099,no correct formula,327.27045,2697.50039
463,464,kynurenic acid 1,HCZHHEIFKROPDY-UHFFFAOYSA-N,C16H23N1O3Si2,[M+H]+,333.121647,0,334.12811,4.088693251
464,465,4-aminobutyric acid,BTCSSZJGUNDROE-UHFFFAOYSA-N,C10H25N1O2Si2,[M+H]+,247.142382,0,248.14918,4.155629729
465,466,4-aminobutyric acid,BTCSSZJGUNDROE-UHFFFAOYSA-N,C10H25N1O2Si2,[M+H]+,247.142382,0,248.14911,4.438867268
466,467,4-aminobutyric acid,BTCSSZJGUNDROE-UHFFFAOYSA-N,C10H25N1O2Si2,[M+H]+,247.142382,0,248.14896,5.045804851
467,468,4-aminobutyric acid,BTCSSZJGUNDROE-UHFFFAOYSA-N,C10H25N1O2Si2,[M-H]+,247.142382,0,246.13438,0.716055937
