,index,name,inchikey,formula,ionization,precursormz,rank
0,0,norvaline,SNDPXSYFESPGGJ-BYPYZUCNSA-N,C8H19N1O2Si1,[M+H]+,190.12618,0
1,1,norvaline,SNDPXSYFESPGGJ-BYPYZUCNSA-N,C11H27N1O2Si2,[M+H]+,262.1658,0
2,2,glucosamine 1,MSWZFWKMSRAUBD-QZABAPFNSA-N,C18H45N1O5Si4,[M+H]+,468.24448,1
3,3,glucosamine 1,MSWZFWKMSRAUBD-QZABAPFNSA-N,C18H45N1O5Si4,[M-H]+,466.22788,2
4,4,indole-3-propionic acid,GOLXRNDWAUTYKT-UHFFFAOYSA-N,C17H27N1O2Si2,[M+H]+,334.16495,0
5,5,mannose-6-phosphate,NBSCHQHZLSJFNQ-QTVWNMPRSA-N,C25H64O9P1Si6N1,[M+H]+,722.29852,no correct formula
6,6,"propane-1,3-diol",YPFDHNVEDLHUCE-UHFFFAOYSA-N,C9H24O2Si2,[M+H]+,221.13928,0
7,7,nicotinamide,DFPAKSUCGFBDDF-UHFFFAOYSA-N,C9H14N2O1Si1,[M+H]+,195.09509,0
8,8,nicotinamide,DFPAKSUCGFBDDF-UHFFFAOYSA-N,C9H14N2O1Si1,[M+H]+,195.09523,0
9,9,triethanolamine,GSEJCLTVZPLZKY-UHFFFAOYSA-N,C15H39N1O3Si3,[M+H]+,366.23151,1
10,10,"2,8-dihydroxyquinoline",ZXZKYYHTWHJHFT-UHFFFAOYSA-N,C15H23N1O2Si2,[M+H]+,306.13458,0
11,11,L-DOPA,WTDRDQBEARUVNC-LURJTMIESA-N,C18H35N1O4Si3,[M+H]+,414.19473,0
12,12,L-DOPA,WTDRDQBEARUVNC-LURJTMIESA-N,C21H43N1O4Si4,[M+H]+,486.23492,0
13,13,o-toluic acid,ZWLPBLYKEWSWPD-UHFFFAOYSA-N,C11H16O2Si1,[M+H]+,209.09946,0
14,14,TRIS 1,LENZDBCJOHFCAS-UHFFFAOYSA-N,C13H35N1O3Si3,[M+H]+,338.20041,1
15,15,(water loss)ribonic acid,QXKAIJAYHKCRRA-YVZJFKFKSA-N,C14H32O5Si3,[M+H]+,365.16324,1
16,16,(water loss)ribonic acid,QXKAIJAYHKCRRA-YVZJFKFKSA-N,C17H40O5Si4,[M+H]+,437.20203,1
17,17,"2,6-diaminopimelic acid",GMKMEZVLHJARHF-WHFBIAKZSA-N,C13H30N2O4Si2,[M+H]+,335.18173,0
18,18,lipoic acid,AGBQKNBQESQNJD-SSDOTTSWSA-N,C11H22O2S2Si1,[M]+,278.0827,2
19,19,pipecolic acid,HXEACLLIILLPRG-YFKPBYRVSA-N,C9H19N1O2Si1,[M+H]+,202.12639,0
20,20,pipecolic acid,HXEACLLIILLPRG-YFKPBYRVSA-N,C12H27N1O2Si2,[M+H]+,274.16565,0
21,21,methylparaben,LXCFILQKKLGQFO-UHFFFAOYSA-N,C11H16O3Si1,[M+H]+,225.09462,0
22,22,indole-3-acetate,SEOVTRFCIGRIMH-UHFFFAOYSA-N,C16H25N1O2Si2,[M+H]+,320.14978,1
23,23,"3,4-dihydroxycinnamic acid",QAIPRVGONGVQAS-DUXPYHPUSA-N,C18H32O4Si3,[M+H]+,397.168,0
24,24,"3,4-dihydroxycinnamic acid",QAIPRVGONGVQAS-DUXPYHPUSA-N,C18H32O4Si3,[M+H]+,397.1683,0
25,25,5-hydroxymethyl-2-furoic acid,PCSKKIUURRTAEM-UHFFFAOYSA-N,C12H22O4Si2,[M+H]+,287.11307,0
26,26,gentisic acid,WXTMDXOMEHJXQO-UHFFFAOYSA-N,C16H30O4Si3,[M+H]+,371.15262,0
27,27,3-hydroxybutyric acid,WHBMMWSBFZVSSR-UHFFFAOYSA-N,C10H24O3Si2,[M+H]+,249.13384,0
28,28,pyridoxine,LXNHXLLTXMVWPM-UHFFFAOYSA-N,C17H35N1O3Si3,[M+H]+,386.20007,1
29,29,beta-hydroxymyristic acid,ATRNZOYKSNPPBF-UHFFFAOYSA-N,C20H44O3Si2,[M-H]+,387.27478,0
30,30,(water loss)allantoic acid,NUCLJNSWZCHRKL-UHFFFAOYSA-N,C16H38N4O3Si4,[M+H]+,447.20947,1
31,31,(water loss)p-hydroxylphenyllactic acid,JVGVDSSUAVXRDY-UHFFFAOYSA-N,C15H24O3Si2,[M+H]+,309.13342,0
32,32,succinate semialdehyde,UIUJIQZEACWQSV-UHFFFAOYSA-N,C8H17O3Si1N1,[M+H]+,204.10518,0
33,33,3-phenyllactic acid,VOXXWSYKYCBWHO-UHFFFAOYSA-N,C15H26O3Si2,[M+H]+,311.14923,0
34,34,N-ethylglycine,YPIGGYHFMKJNKV-UHFFFAOYSA-N,C7H17N1O2Si1,[M+H]+,176.11137,0
35,35,p-cresol,IWDCLRJOBJJRNH-UHFFFAOYSA-N,C10H16O1Si1,[M+H]+,181.10442,0
36,36,N-ethylglycine,YPIGGYHFMKJNKV-UHFFFAOYSA-N,C10H25N1O2Si2,[M+H]+,248.14973,0
37,37,N-ethylglycine,YPIGGYHFMKJNKV-UHFFFAOYSA-N,C10H25N1O2Si2,[M+H]+,248.14964,0
38,38,"2-butyne-1,4-diol",DLDJFQGPPSQZKI-UHFFFAOYSA-N,C10H22O2Si2,[M-H]+,229.10764,1
39,39,"2-butyne-1,4-diol",DLDJFQGPPSQZKI-UHFFFAOYSA-N,C10H22O2Si2,[M-H]+,229.10741,1
40,40,catechol,YCIMNLLNPGFGHC-UHFFFAOYSA-N,C12H22O2Si2,[M+H]+,255.12283,0
41,41,catechol,YCIMNLLNPGFGHC-UHFFFAOYSA-N,C12H22O2Si2,[M+H]+,255.1227,0
42,42,pimelic acid,WLJVNTCWHIRURA-UHFFFAOYSA-N,C13H28O4Si2,[M+H]+,305.15994,0
43,43,phthalic acid,XNGIFLGASWRNHJ-UHFFFAOYSA-N,C14H22O4Si2,[M+H]+,311.11288,0
44,44,putrescine,KIDHWZJUCRJVML-UHFFFAOYSA-N,C16H44N2Si4,[M+H]+,377.26504,2
45,45,N-acetyl-L-phenylalanine,CBQJSKKFNMDLON-JTQLQIEISA-N,C14H21N1O3Si1,[M+H]+,280.13654,0
46,46,D-(+)-galactose,WQZGKKKJIJFFOK-SVZMEOIVSA-N,C22H55O6Si5N1,[M+H]+,570.29633,no correct formula
47,47,N-acetyl-L-phenylalanine,CBQJSKKFNMDLON-JTQLQIEISA-N,C14H21N1O3Si1,[M+H]+,280.13629,0
48,48,N-acetyl-L-phenylalanine,CBQJSKKFNMDLON-JTQLQIEISA-N,C14H21N1O3Si1,[M+H]+,280.13623,0
49,49,palmitoleic acid,SECPZKHBENQXJG-FPLPWBNLSA-N,C19H38O2Si1,[M+H]+,327.27173,2
50,50,1-methyl-L-tryptophan,ZADWXFSZEAPBJS-JTQLQIEISA-N,C18H30N2O2Si2,[M+H]+,363.19214,0
51,51,N-methyladenosine,VQAYFKKCNSOZKM-INWNYVOZSA-N,C23H47N5O4Si4,[M+H]+,570.27765,6
52,52,N-methyladenosine,VQAYFKKCNSOZKM-INWNYVOZSA-N,C23H47N5O4Si4,[M+H]+,570.27728,1
53,53,2-furoic acid,SMNDYUVBFMFKNZ-UHFFFAOYSA-N,C8H12O3Si1,[M+H]+,185.06346,0
54,54,2-furoic acid,SMNDYUVBFMFKNZ-UHFFFAOYSA-N,C8H12O3Si1,[M+H]+,185.06357,0
55,55,4-methylcatechol,ZBCATMYQYDCTIZ-UHFFFAOYSA-N,C13H24O2Si2,[M+H]+,269.13876,0
56,56,4-acetamidobutyric acid,UZTFMUBKZQVKLK-UHFFFAOYSA-N,C12H27N1O3Si2,[M+H]+,290.16089,0
57,57,4-acetamidobutyric acid,UZTFMUBKZQVKLK-UHFFFAOYSA-N,C9H19N1O3Si1,[M+H]+,218.12129,0
58,58,4-acetamidobutyric acid,UZTFMUBKZQVKLK-UHFFFAOYSA-N,C9H19N1O3Si1,[M+H]+,218.12125,0
59,59,4-acetamidobutyric acid,UZTFMUBKZQVKLK-UHFFFAOYSA-N,C9H19N1O3Si1,[M+H]+,218.12131,0
60,60,phosphoenolpyruvic acid,DTBNBXWJWCWCIK-UHFFFAOYSA-N,C12H29O6P1Si3,[M+H]+,385.1091,5
61,61,(water loss)4-pyridoxic acid,HXACOUQIXZGNBF-UHFFFAOYSA-N,C11H15N1O3Si1,[M+H]+,238.09006,0
62,62,"2,3-dihydroxybenzoic acid",GLDQAMYCGOIJDV-UHFFFAOYSA-N,C16H30O4Si3,[M+H]+,371.15332,0
63,63,N-benzyloxycarbonylglycine,CJUMAFVKTCBCJK-UHFFFAOYSA-N,C16H27N1O4Si2,[M+H]+,354.15558,0
64,64,mono(2-ethylhexyl)phthalate,DJDSLBVSSOQSLW-UHFFFAOYSA-N,C19H30O4Si1,[M+H]+,351.19962,0
65,65,stearic acid,QIQXTHQIDYTFRH-UHFFFAOYSA-N,C21H44O2Si1,[M+H]+,357.31863,1
66,66,stearic acid,QIQXTHQIDYTFRH-UHFFFAOYSA-N,C21H44O2Si1,[M-H]+,355.30362,0
67,67,N-methyl-L-alanine,GDFAOVXKHJXLEI-VKHMYHEASA-N,C7H17N1O2Si1,[M+H]+,176.11105,0
68,68,N-methyl-L-alanine,GDFAOVXKHJXLEI-VKHMYHEASA-N,C10H25N1O2Si2,[M+H]+,248.14984,0
69,69,benzoic acid,WPYMKLBDIGXBTP-UHFFFAOYSA-N,C10H14O2Si1,[M+H]+,195.08395,0
70,70,4-acetylbutyric acid,MGTZCLMLSSAXLD-UHFFFAOYSA-N,C10H21O3Si1N1,[M+H]+,232.13687,0
71,71,pyrogallol,WQGWDDDVZFFDIG-UHFFFAOYSA-N,C15H30O3Si3,[M+H]+,343.15683,0
72,72,2-hydroxybiphenyl,LLEMOWNGBBNAJR-UHFFFAOYSA-N,C15H18O1Si1,[M+H]+,243.12024,0
73,73,orotic acid,PXQPEWDEAKTCGB-UHFFFAOYSA-N,C14H28N2O4Si3,[M+H]+,373.14334,1
74,74,(water loss)D-sorbitol,FBPFZTCFMRRESA-JGWLITMVSA-N,C21H52O5Si5,[M+H]+,525.27502,no correct formula
75,75,palmitic acid,IPCSVZSSVZVIGE-UHFFFAOYSA-N,C19H40O2Si1,[M-H]+,327.27185,0
76,76,inosine,UGQMRVRMYYASKQ-KQYNXXCUSA-N,C22H44N4O5Si4,[M+H]+,557.24713,7
77,77,L-norleucine,LRQKBLKVPFOOQJ-YFKPBYRVSA-N,C9H21N1O2Si1,[M+H]+,204.14178,0
78,78,urea,XSQUKJJJFZCRTK-UHFFFAOYSA-N,C4H12N2O1Si1,[M+H]+,133.07942,0
79,79,L-norleucine,LRQKBLKVPFOOQJ-YFKPBYRVSA-N,C9H21N1O2Si1,[M+H]+,204.14182,0
80,80,urea,XSQUKJJJFZCRTK-UHFFFAOYSA-N,C7H20N2O1Si2,[M+H]+,205.1189,2
81,81,urea,XSQUKJJJFZCRTK-UHFFFAOYSA-N,C7H20N2O1Si2,[M+H]+,205.11897,0
82,82,pyrrole-2-carboxylic acid,WRHZVMBBRYBTKZ-UHFFFAOYSA-N,C8H13N1O2Si1,[M+H]+,184.07902,0
83,83,urea,XSQUKJJJFZCRTK-UHFFFAOYSA-N,C7H20N2O1Si2,[M+H]+,205.11902,0
84,84,urea,XSQUKJJJFZCRTK-UHFFFAOYSA-N,C7H20N2O1Si2,[M+H]+,205.11887,0
85,85,L-norleucine,LRQKBLKVPFOOQJ-YFKPBYRVSA-N,C12H29N1O2Si2,[M+H]+,276.18124,0
86,86,pyrrole-2-carboxylic acid,WRHZVMBBRYBTKZ-UHFFFAOYSA-N,C11H21N1O2Si2,[M+H]+,256.11841,0
87,87,4-hydroxybenzaldehyde,RGHHSNMVTDWUBI-UHFFFAOYSA-N,C11H17O2Si1N1,[M+H]+,224.11028,0
88,88,4-hydroxybenzaldehyde,RGHHSNMVTDWUBI-UHFFFAOYSA-N,C11H17O2Si1N1,[M+H]+,224.11015,0
89,89,4-hydroxybenzaldehyde,RGHHSNMVTDWUBI-UHFFFAOYSA-N,C11H17O2Si1N1,[M+H]+,224.11003,0
90,90,2-hydroxycinnamic acid,PMOWTIHVNWZYFI-AATRIKPKSA-N,C15H24O3Si2,[M+H]+,309.13376,0
91,91,carbazole,UJOBWOGCFQCDNV-UHFFFAOYSA-N,C15H17N1Si1,[M+H]+,240.12021,1
92,92,2'-deoxyguanosine,YKBGVTZYEHREMT-KVQBGUIXSA-N,C19H37N5O4Si3,[M+H]+,484.22284,4
93,93,2'-deoxyguanosine,YKBGVTZYEHREMT-KVQBGUIXSA-N,C22H45N5O4Si4,[M+H]+,556.26263,6
94,94,lactic acid,JVTAAEKCZFNVCJ-UHFFFAOYSA-N,C9H22O3Si2,[M+H]+,235.11844,0
95,95,lactic acid,JVTAAEKCZFNVCJ-UHFFFAOYSA-N,C9H22O3Si2,[M+H]+,235.11818,0
96,96,lactic acid,JVTAAEKCZFNVCJ-UHFFFAOYSA-N,C9H22O3Si2,[M+H]+,235.11845,0
97,97,DL-glyceraldehyde,MNQZXJOMYWMBOU-UHFFFAOYSA-N,C10H25O3Si2N1,[M-H]+,262.12909,0
98,98,DL-glyceraldehyde,MNQZXJOMYWMBOU-UHFFFAOYSA-N,C10H25O3Si2N1,[M-H]+,262.12848,0
99,99,DL-glyceraldehyde,MNQZXJOMYWMBOU-UHFFFAOYSA-N,C10H25O3Si2N1,[M+H]+,264.14423,0
100,100,"cis-1,2-cyclohexanediol",PFURGBBHAOXLIO-OLQVQODUSA-N,C12H28O2Si2,[M-H]+,259.15454,0
101,101,(water loss)adipic acid,WNLRTRBMVRJNCN-UHFFFAOYSA-N,C9H16O3Si1,[M+H]+,201.09418,0
102,102,6-hydroxycaproic acid,IWHLYPDWHHPVAA-UHFFFAOYSA-N,C12H28O3Si2,[M+H]+,277.16489,0
103,103,adipic acid,WNLRTRBMVRJNCN-UHFFFAOYSA-N,C12H26O4Si2,[M+H]+,291.14444,1
104,104,adipic acid,WNLRTRBMVRJNCN-UHFFFAOYSA-N,C12H26O4Si2,[M+H]+,291.14456,0
105,105,cinnamic acid,WBYWAXJHAXSJNI-VOTSOKGWSA-N,C12H16O2Si1,[M+H]+,221.09949,0
106,106,cinnamic acid,WBYWAXJHAXSJNI-VOTSOKGWSA-N,C12H16O2Si1,[M+H]+,221.09952,0
107,107,4-hydroxybenzoic acid,FJKROLUGYXJWQN-UHFFFAOYSA-N,C13H22O3Si2,[M+H]+,283.11832,0
108,108,adenine,GFFGJBXGBJISGV-UHFFFAOYSA-N,C8H13N5Si1,[M+H]+,208.10136,0
109,109,adenine,GFFGJBXGBJISGV-UHFFFAOYSA-N,C8H13N5Si1,[M+H]+,208.10141,0
110,110,3-phosphoglyceric acid,OSJPPGNTCRNQQC-UHFFFAOYSA-N,C15H39O7P1Si4,[M+H]+,475.15921,no correct formula
111,111,adenine,GFFGJBXGBJISGV-UHFFFAOYSA-N,C11H21N5Si2,[M+H]+,280.14084,0
112,112,adenine,GFFGJBXGBJISGV-UHFFFAOYSA-N,C11H21N5Si2,[M+H]+,280.14078,0
113,113,adenine,GFFGJBXGBJISGV-UHFFFAOYSA-N,C11H21N5Si2,[M+H]+,280.14081,0
114,114,adenine,GFFGJBXGBJISGV-UHFFFAOYSA-N,C11H21N5Si2,[M+H]+,280.1409,0
115,115,urocanic acid,LOIYMIARKYCTBW-OWOJBTEDSA-N,C12H22N2O2Si2,[M+H]+,283.12952,0
116,116,xanthotoxin,QXKHYNVANLEOEG-UHFFFAOYSA-N,C12H8O4,[M+H]+,217.04994,0
117,117,5-methoxy-3-indoleacetic acid,COCNDHOPIHDTHK-UHFFFAOYSA-N,C14H19N1O3Si1,[M+H]+,278.12036,0
118,118,5-methoxy-3-indoleacetic acid,COCNDHOPIHDTHK-UHFFFAOYSA-N,C17H27N1O3Si2,[M+H]+,350.16019,0
119,119,melatonin,DRLFMBDRBRZALE-UHFFFAOYSA-N,C16H24N2O2Si1,[M+H]+,305.16812,0
120,120,melatonin,DRLFMBDRBRZALE-UHFFFAOYSA-N,C16H24N2O2Si1,[M+H]+,305.16809,0
121,121,glycolic acid,AEMRFAOFKBGASW-UHFFFAOYSA-N,C8H20O3Si2,[M+H]+,221.1024,1
122,122,mandelonitrile,NNICRUQPODTGRU-UHFFFAOYSA-N,C11H15N1O1Si1,[M+H]+,206.10271,no correct formula
123,123,glycolic acid,AEMRFAOFKBGASW-UHFFFAOYSA-N,C8H20O3Si2,[M+H]+,221.10268,0
124,124,glycolic acid,AEMRFAOFKBGASW-UHFFFAOYSA-N,C8H20O3Si2,[M+H]+,221.10265,0
125,125,glycolic acid,AEMRFAOFKBGASW-UHFFFAOYSA-N,C8H20O3Si2,[M+H]+,221.10281,0
126,126,(water loss)5-aminoimidazole-4-carboxamide,DVNYTAVYBRSTGK-UHFFFAOYSA-N,C13H28N4Si3,[M+H]+,325.16937,4
127,127,(water loss)3-(3-hydroxyphenyl)propionic acid,QVWAEZJXDYOKEH-UHFFFAOYSA-N,C12H16O2Si1,[M+H]+,221.09953,1
128,128,trans-aconitic acid,GTZCVFVGUGFEME-HNQUOIGGSA-N,C15H30O6Si3,[M+H]+,391.14197,2
129,129,5-aminoimidazole-4-carboxamide,DVNYTAVYBRSTGK-UHFFFAOYSA-N,C13H30N4O1Si3,[M+H]+,343.1796,1
130,130,quinic acid,AAWZDTNXLSGCEK-LNVDRNJUSA-N,C22H52O6Si5,[M+H]+,553.26752,no correct formula
131,131,caffeic acid,QAIPRVGONGVQAS-DUXPYHPUSA-N,C18H32O4Si3,[M+H]+,397.16812,1
132,132,N-acetyl-5-hydroxytryptamine,MVAWJSIDNICKHF-UHFFFAOYSA-N,C18H30N2O2Si2,[M+H]+,363.19192,0
133,133,N-acetyl-5-hydroxytryptamine,MVAWJSIDNICKHF-UHFFFAOYSA-N,C15H22N2O2Si1,[M+H]+,291.15244,0
134,134,2'-deoxyadenosine,OLXZPDWKRNYJJZ-RRKCRQDMSA-N,C16H29N5O3Si2,[M+H]+,396.18872,0
135,135,2'-deoxyadenosine,OLXZPDWKRNYJJZ-RRKCRQDMSA-N,C19H37N5O3Si3,[M+H]+,468.22821,no correct formula
136,136,1-aminocyclopropane-1-carboxylic acid,PAJPWUMXBYXFCZ-UHFFFAOYSA-N,C7H15N1O2Si1,[M+H]+,174.09512,0
137,137,2-hydroxybutyric acid,AFENDNXGAFYKQO-UHFFFAOYSA-N,C10H24O3Si2,[M+H]+,249.13425,0
138,138,2-hydroxybutyric acid,AFENDNXGAFYKQO-UHFFFAOYSA-N,C10H24O3Si2,[M+H]+,249.13422,0
139,139,2-hydroxybutyric acid,AFENDNXGAFYKQO-UHFFFAOYSA-N,C10H24O3Si2,[M+H]+,249.13431,0
140,140,1-aminocyclopropane-1-carboxylic acid,PAJPWUMXBYXFCZ-UHFFFAOYSA-N,C10H23N1O2Si2,[M+H]+,246.13469,0
141,141,glycerol,PEDCQBHIVMGVHV-UHFFFAOYSA-N,C12H32O3Si3,[M+H]+,309.17352,3
142,142,glycerol,PEDCQBHIVMGVHV-UHFFFAOYSA-N,C12H32O3Si3,[M-H]+,307.15823,no correct formula
143,143,4-aminophenol,PLIKAWJENQZMHA-UHFFFAOYSA-N,C12H23N1O1Si2,[M+H]+,254.13911,0
144,144,2-carboxybenzaldehyde,DYNFCHNNOHNJFG-UHFFFAOYSA-N,C12H17O3Si1N1,[M+H]+,252.10527,0
145,145,2-carboxybenzaldehyde,DYNFCHNNOHNJFG-UHFFFAOYSA-N,C12H17O3Si1N1,[M+H]+,252.10545,0
146,146,2-carboxybenzaldehyde,DYNFCHNNOHNJFG-UHFFFAOYSA-N,C12H17O3Si1N1,[M+H]+,252.10539,0
147,147,(water loss)N-acetyl-L-aspartic acid,OTCCIMWXFLJLIA-BYPYZUCNSA-N,C9H15N1O4Si1,[M+H]+,230.08485,0
148,148,N-acetyl-L-aspartic acid,OTCCIMWXFLJLIA-BYPYZUCNSA-N,C15H33N1O5Si3,[M+H]+,392.1748,1
149,149,(water loss)L-methionine sulfoxide,QEFRNWWLZKMPFJ-YGVKFDHGSA-N,C11H25N1O2S1Si2,[M+H]+,292.12201,4
150,150,D-panthenol,SNPLKNRPJHDVJA-ZETCQYMHSA-N,C18H43N1O4Si3,[M+H]+,422.25787,2
151,151,1-hexadecanol,BXWNKGSJHAJOGX-UHFFFAOYSA-N,C19H42O1Si1,[M-H]+,313.29251,no correct formula
152,152,abietic acidÂ,RSWGJHLUYNHPMX-ONCXSQPRSA-N,C23H38O2Si1,[M+H]+,375.27103,2
153,153,adenosine,OIRDTQYFTABQOQ-KQYNXXCUSA-N,C22H45N5O4Si4,[M+H]+,556.26355,6
154,154,oxalic acid,MUBZPKHOEPUJKR-UHFFFAOYSA-N,C5H10O4Si1,[M+H]+,163.04256,0
155,155,oxalic acid,MUBZPKHOEPUJKR-UHFFFAOYSA-N,C8H18O4Si2,[M+H]+,235.08221,0
156,156,oxalic acid,MUBZPKHOEPUJKR-UHFFFAOYSA-N,C8H18O4Si2,[M+H]+,235.08228,0
157,157,oxalic acid,MUBZPKHOEPUJKR-UHFFFAOYSA-N,C8H18O4Si2,[M+H]+,235.0822,0
158,158,methylmalonic acid,ZIYVHBGGAOATLY-UHFFFAOYSA-N,C10H22O4Si2,[M+H]+,263.11352,0
159,159,methylmalonic acid,ZIYVHBGGAOATLY-UHFFFAOYSA-N,C10H22O4Si2,[M+H]+,263.11356,0
160,160,ortho-phosphoric acid,NBIIXXVUZAFLBC-UHFFFAOYSA-N,H27O4P1C9Si3,[M+H]+,315.10327,3
161,161,salicylic acid,YGSDEFSMJLZEOE-UHFFFAOYSA-N,C10H14O3Si1,[M+H]+,211.07883,0
162,162,L-homoserine,UKAUYVFTDYCKQA-VKHMYHEASA-N,C10H25N1O3Si2,[M+H]+,264.14514,0
163,163,L-homoserine,UKAUYVFTDYCKQA-VKHMYHEASA-N,C13H33N1O3Si3,[M+H]+,336.18454,1
164,164,(water loss)L-homoserine,UKAUYVFTDYCKQA-VKHMYHEASA-N,C10H23N1O2Si2,[M+H]+,246.13437,1
165,165,salicylic acid,YGSDEFSMJLZEOE-UHFFFAOYSA-N,C13H22O3Si2,[M+H]+,283.1185,5
166,166,2-isopropylmalic acid,BITYXLXUCSKTJS-UHFFFAOYSA-N,C16H36O5Si3,[M+H]+,393.19455,2
167,167,quinolinic acid,GJAWHXHKYYXBSV-UHFFFAOYSA-N,C13H21N1O4Si2,[M+H]+,312.10864,0
168,168,quinolinic acid,GJAWHXHKYYXBSV-UHFFFAOYSA-N,C13H21N1O4Si2,[M+H]+,312.10858,0
169,169,"2,4-dihydroxypyrimidine-5-carboxylic acid",ZXYAAVBXHKCJJB-UHFFFAOYSA-N,C14H28N2O4Si3,[M+H]+,373.14349,0
170,170,benzoin,ISAOCJYIOMOJEB-UHFFFAOYSA-N,C18H23O2Si1N1,[M-H]+,312.14053,0
171,171,N-acetyl-D-glucosamine,OVRNDRQMDRJTHS-RTRLPJTCSA-N,C24H58N2O6Si5,[M-H]+,609.30493,3
172,172,N-acetyl-D-glucosamine,OVRNDRQMDRJTHS-RTRLPJTCSA-N,C24H58N2O6Si5,[M+H]+,611.3219,3
173,173,phlorobenzophenone,CPEXFJVZFNYXGU-UHFFFAOYSA-N,C22H34O4Si3,[M+H]+,447.18445,8
174,174,serotonin,QZAYGJVTTNCVMB-UHFFFAOYSA-N,C19H36N2O1Si3,[M+H]+,393.22073,1
175,175,m-cresol,RLSSMJSEOOYNOY-UHFFFAOYSA-N,C10H16O1Si1,[M+H]+,181.10486,0
176,176,Î²-cyano-L-alanine,BXRLWGXPSRYJDZ-VKHMYHEASA-N,C7H14N2O2Si1,[M+H]+,187.09024,0
177,177,Î²-cyano-L-alanine,BXRLWGXPSRYJDZ-VKHMYHEASA-N,C7H14N2O2Si1,[M+H]+,187.09012,0
178,178,Î²-cyano-L-alanine,BXRLWGXPSRYJDZ-VKHMYHEASA-N,C10H22N2O2Si2,[M+H]+,259.12985,0
179,179,Î²-cyano-L-alanine,BXRLWGXPSRYJDZ-VKHMYHEASA-N,C10H22N2O2Si2,[M+H]+,259.12979,0
180,180,p-anisic acid,ZEYHEAKUIGZSGI-UHFFFAOYSA-N,C11H16O3Si1,[M+H]+,225.09464,1
181,181,2-(4-hydroxyphenyl)ethanolÂ,YCCILVSKPBXVIP-UHFFFAOYSA-N,C14H26O2Si2,[M]+,282.14664,4
182,182,3-(2-hydroxyphenyl)propanoic acid,CJBDUOMQLFKVQC-UHFFFAOYSA-N,C15H26O3Si2,[M]+,310.14179,no correct formula
183,183,4-quinolinecarboxylic acid,VQMSRUREDGBWKT-UHFFFAOYSA-N,C13H15N1O2Si1,[M+H]+,246.09488,0
184,184,"5,6-Dimethylbenzimidazole",LJUQGASMPRMWIW-UHFFFAOYSA-N,C12H18N2Si1,[M+H]+,219.13153,0
185,185,"5,6-Dimethylbenzimidazole",LJUQGASMPRMWIW-UHFFFAOYSA-N,C12H18N2Si1,[M+H]+,219.13155,0
186,186,homogentisic acid,IGMNYECMUMZDDF-UHFFFAOYSA-N,C17H32O4Si3,[M]+,384.16077,no correct formula
187,187,benzylsuccinic acid,GTOFKXZQQDSVFH-UHFFFAOYSA-N,C17H28O4Si2,[M+H]+,353.16025,0
188,188,4-hydroxycinnamic acid,NGSWKAQJJWESNS-ZZXKWVIFSA-N,C15H24O3Si2,[M+H]+,309.13416,0
189,189,uric acid,LEHOTFFKMJEONL-UHFFFAOYSA-N,C17H36N4O3Si4,[M+H]+,457.19363,5
190,190,indole-3-acetamide,ZOAMBXDOGPRZLP-UHFFFAOYSA-N,C16H26N2O1Si2,[M+H]+,319.16592,0
191,191,oleic acid,ZQPPMHVWECSIRJ-KTKRTIGZSA-N,C21H42O2Si1,[M+H]+,355.30325,3
192,192,DL-dihydrosphingosine,OTKJDMGTUTTYMP-UHFFFAOYSA-N,C27H63N1O2Si3,[M-H]+,516.40979,no correct formula
193,193,DL-dihydrosphingosine,OTKJDMGTUTTYMP-UHFFFAOYSA-N,C27H63N1O2Si3,[M-H]+,516.40985,no correct formula
194,194,dihydrocapsaicin,XJQPQKLURWNAAH-UHFFFAOYSA-N,C24H45N1O3Si2,[M+H]+,452.30133,5
195,195,dihydrocapsaicin,XJQPQKLURWNAAH-UHFFFAOYSA-N,C21H37N1O3Si1,[M+H]+,380.26163,0
196,196,dihydrocapsaicin,XJQPQKLURWNAAH-UHFFFAOYSA-N,C21H37N1O3Si1,[M+H]+,380.26065,0
197,197,sarcosine,FSYKKLYZXJSNPZ-UHFFFAOYSA-N,C6H15N1O2Si1,[M+H]+,162.09494,0
198,198,sarcosine,FSYKKLYZXJSNPZ-UHFFFAOYSA-N,C9H23N1O2Si2,[M+H]+,234.1346,0
199,199,sarcosine,FSYKKLYZXJSNPZ-UHFFFAOYSA-N,C9H23N1O2Si2,[M+H]+,234.13458,0
200,200,nonanoic acid,FBUKVWPVBMHYJY-UHFFFAOYSA-N,C12H26O2Si1,[M+H]+,231.17813,0
201,201,(water loss)tropic acid,JACRWUWPXAESPB-UHFFFAOYSA-N,C12H16O2Si1,[M+H]+,221.09973,0
202,202,cytosine,OPTASPLRGRRNAP-UHFFFAOYSA-N,C7H13N3O1Si1,[M+H]+,184.09056,0
203,203,cytosine,OPTASPLRGRRNAP-UHFFFAOYSA-N,C7H13N3O1Si1,[M+H]+,184.09045,0
204,204,4-isopropylbenzoic acid,CKMXAIVXVKGGFM-UHFFFAOYSA-N,C13H20O2Si1,[M+H]+,237.13107,0
205,205,cytosine,OPTASPLRGRRNAP-UHFFFAOYSA-N,C10H21N3O1Si2,[M+H]+,256.13016,1
206,206,cytosine,OPTASPLRGRRNAP-UHFFFAOYSA-N,C10H21N3O1Si2,[M+H]+,256.13007,0
207,207,cytosine,OPTASPLRGRRNAP-UHFFFAOYSA-N,C10H21N3O1Si2,[M+H]+,256.13007,0
208,208,(water loss)tropic acid,JACRWUWPXAESPB-UHFFFAOYSA-N,C12H16O2Si1,[M+H]+,221.0997,0
209,209,tropic acid,JACRWUWPXAESPB-UHFFFAOYSA-N,C15H26O3Si2,[M+H]+,311.14981,0
210,210,N-formyl-L-methionine,PYUSHNKNPOHWEZ-YFKPBYRVSA-N,C9H19N1O3S1Si1,[M+H]+,250.09322,2
211,211,N-formyl-L-methionine,PYUSHNKNPOHWEZ-YFKPBYRVSA-N,C12H27N1O3S1Si2,[M+H]+,322.13315,2
212,212,(water loss)allantoin,POJWUDADGALRAB-UHFFFAOYSA-N,C13H28N4O2Si3,[M+H]+,357.15961,1
213,213,DL-4-hydroxymandelic acid,YHXHKYRQLYQUIH-UHFFFAOYSA-N,C17H32O4Si3,[M+H]+,385.16748,4
214,214,allantoin,POJWUDADGALRAB-UHFFFAOYSA-N,C16H38N4O3Si4,[M+H]+,447.21018,7
215,215,O-succinylhomoserine,GNISQJGXJIDKDJ-YFKPBYRVSA-N,C17H37N1O6Si3,[M+H]+,436.20148,0
216,216,biotin,YBJHBAHKTGYVGT-ZKWXMUAHSA-N,C19H40N2O3S1Si3,[M+H]+,461.21536,5
217,217,2-furoic acid,SMNDYUVBFMFKNZ-UHFFFAOYSA-N,C8H12O3Si1,[M+H]+,185.06302,1
218,218,4-methylcatechol,ZBCATMYQYDCTIZ-UHFFFAOYSA-N,C13H24O2Si2,[M+H]+,269.13834,0
219,219,4-acetamidobutyric acid,UZTFMUBKZQVKLK-UHFFFAOYSA-N,C9H19N1O3Si1,[M+H]+,218.12027,0
220,220,(water loss)4-pyridoxic acid,HXACOUQIXZGNBF-UHFFFAOYSA-N,C11H15N1O3Si1,[M+H]+,238.08932,0
221,221,N-benzyloxycarbonylglycine,CJUMAFVKTCBCJK-UHFFFAOYSA-N,C16H27N1O4Si2,[M+H]+,354.15436,0
222,222,methyl heptadecanoate,HUEBIMLTDXKIPR-UHFFFAOYSA-N,C18H36O2,[M+H]+,285.27893,0
223,223,N-ethylglycine,YPIGGYHFMKJNKV-UHFFFAOYSA-N,C7H17N1O2Si1,[M+H]+,176.11015,0
224,224,p-cresol,IWDCLRJOBJJRNH-UHFFFAOYSA-N,C10H16O1Si1,[M+H]+,181.10411,0
225,225,N-ethylglycine,YPIGGYHFMKJNKV-UHFFFAOYSA-N,C10H25N1O2Si2,[M+H]+,248.14931,0
226,226,"2-butyne-1,4-diol",DLDJFQGPPSQZKI-UHFFFAOYSA-N,C10H22O2Si2,[M-H]+,229.10725,1
227,227,catechol,YCIMNLLNPGFGHC-UHFFFAOYSA-N,C12H22O2Si2,[M+H]+,255.12262,0
228,228,catechol,YCIMNLLNPGFGHC-UHFFFAOYSA-N,C12H22O2Si2,[M+H]+,255.12282,0
229,229,(water loss)phthalic acid,XNGIFLGASWRNHJ-UHFFFAOYSA-N,C8H4O3,[M+H]+,149.02322,0
230,230,pimelic acid,WLJVNTCWHIRURA-UHFFFAOYSA-N,C13H28O4Si2,[M+H]+,305.15942,0
231,231,phthalic acid,XNGIFLGASWRNHJ-UHFFFAOYSA-N,C14H22O4Si2,[M+H]+,311.11285,0
232,232,putrescine,KIDHWZJUCRJVML-UHFFFAOYSA-N,C16H44N2Si4,[M+H]+,377.26446,2
233,233,N-acetyl-L-phenylalanine,CBQJSKKFNMDLON-JTQLQIEISA-N,C14H21N1O3Si1,[M+H]+,280.13623,0
234,234,N-acetyl-L-phenylalanine,CBQJSKKFNMDLON-JTQLQIEISA-N,C14H21N1O3Si1,[M+H]+,280.13599,0
235,235,1-methyl-L-tryptophan,ZADWXFSZEAPBJS-JTQLQIEISA-N,C18H30N2O2Si2,[M+H]+,363.19138,0
236,236,glycyl-L-tyrosine,XBGGUPMXALFZOT-VIFPVBQESA-N,C23H46N2O4Si4,[M+H]+,527.26099,4
237,237,N-methyl-L-alanine,GDFAOVXKHJXLEI-VKHMYHEASA-N,C7H17N1O2Si1,[M+H]+,176.11043,0
238,238,2-hydroxypyridine,UBQKCCHYAOITMY-UHFFFAOYSA-N,C8H13N1O1Si1,[M+H]+,168.08418,0
239,239,N-methyl-L-alanine,GDFAOVXKHJXLEI-VKHMYHEASA-N,C10H25N1O2Si2,[M+H]+,248.14981,0
240,240,benzoic acid,WPYMKLBDIGXBTP-UHFFFAOYSA-N,C10H14O2Si1,[M+H]+,195.0838,0
241,241,4-acetylbutyric acid,MGTZCLMLSSAXLD-UHFFFAOYSA-N,C10H21O3Si1N1,[M+H]+,232.13631,0
242,242,pyrogallol,WQGWDDDVZFFDIG-UHFFFAOYSA-N,C15H30O3Si3,[M+H]+,343.15674,0
243,243,2-hydroxybiphenyl,LLEMOWNGBBNAJR-UHFFFAOYSA-N,C15H18O1Si1,[M+H]+,243.11996,1
244,244,orotic acid,PXQPEWDEAKTCGB-UHFFFAOYSA-N,C14H28N2O4Si3,[M+H]+,373.14316,0
245,245,palmitic acid,IPCSVZSSVZVIGE-UHFFFAOYSA-N,C19H40O2Si1,[M-H]+,327.27139,0
246,246,inosine,UGQMRVRMYYASKQ-KQYNXXCUSA-N,C22H44N4O5Si4,[M+H]+,557.24683,no correct formula
247,247,(water loss)urea,XSQUKJJJFZCRTK-UHFFFAOYSA-N,C7H18N2Si2,[M+H]+,187.10829,0
248,248,L-norleucine,LRQKBLKVPFOOQJ-YFKPBYRVSA-N,C9H21N1O2Si1,[M+H]+,204.1416,0
249,249,urea,XSQUKJJJFZCRTK-UHFFFAOYSA-N,C4H12N2O1Si1,[M+H]+,133.07932,0
250,250,L-norleucine,LRQKBLKVPFOOQJ-YFKPBYRVSA-N,C9H21N1O2Si1,[M+H]+,204.14159,0
251,251,pyrrole-2-carboxylic acid,WRHZVMBBRYBTKZ-UHFFFAOYSA-N,C8H13N1O2Si1,[M+H]+,184.07883,0
252,252,L-norleucine,LRQKBLKVPFOOQJ-YFKPBYRVSA-N,C12H29N1O2Si2,[M+H]+,276.18118,0
253,253,pyrrole-2-carboxylic acid,WRHZVMBBRYBTKZ-UHFFFAOYSA-N,C11H21N1O2Si2,[M+H]+,256.11838,0
254,254,hydrocinnamic acid,XMIIGOLPHOKFCH-UHFFFAOYSA-N,C12H18O2Si1,[M+H]+,223.11498,1
255,255,4-hydroxybenzaldehyde,RGHHSNMVTDWUBI-UHFFFAOYSA-N,C11H17O2Si1N1,[M+H]+,224.11005,0
256,256,4-hydroxybenzaldehyde,RGHHSNMVTDWUBI-UHFFFAOYSA-N,C11H17O2Si1N1,[M+H]+,224.10977,0
257,257,3-hydroxyphenylacetic acid,FVMDYYGIDFPZAX-UHFFFAOYSA-N,C14H24O3Si2,[M+H]+,297.13351,1
258,258,2-hydroxycinnamic acid,PMOWTIHVNWZYFI-AATRIKPKSA-N,C15H24O3Si2,[M+H]+,309.13358,0
259,259,scopoletin,RODXRVNMMDRFIK-UHFFFAOYSA-N,C13H16O4Si1,[M+H]+,265.08893,0
260,260,2'-deoxyguanosine,YKBGVTZYEHREMT-KVQBGUIXSA-N,C22H45N5O4Si4,[M+H]+,556.26117,no correct formula
261,261,lactic acid,JVTAAEKCZFNVCJ-UHFFFAOYSA-N,C9H22O3Si2,[M+H]+,235.118,0
262,262,DL-glyceraldehyde,MNQZXJOMYWMBOU-UHFFFAOYSA-N,C10H25O3Si2N1,[M-H]+,262.12833,0
263,263,"cis-1,2-cyclohexanediol",PFURGBBHAOXLIO-OLQVQODUSA-N,C12H28O2Si2,[M-H]+,259.15439,0
264,264,citraconic acid,HNEGQIOMVPPMNR-IHWYPQMZSA-N,C11H22O4Si2,[M+H]+,275.11319,0
265,265,6-hydroxycaproic acid,IWHLYPDWHHPVAA-UHFFFAOYSA-N,C12H28O3Si2,[M+H]+,277.16504,0
266,266,adipic acid,WNLRTRBMVRJNCN-UHFFFAOYSA-N,C12H26O4Si2,[M+H]+,291.14426,0
267,267,cinnamic acid,WBYWAXJHAXSJNI-VOTSOKGWSA-N,C12H16O2Si1,[M+H]+,221.09936,0
268,268,4-hydroxybenzoic acid,FJKROLUGYXJWQN-UHFFFAOYSA-N,C13H22O3Si2,[M+H]+,283.11795,0
269,269,adenine,GFFGJBXGBJISGV-UHFFFAOYSA-N,C11H21N5Si2,[M+H]+,280.14075,0
270,270,xanthotoxin,QXKHYNVANLEOEG-UHFFFAOYSA-N,C12H8O4,[M+H]+,217.04962,0
271,271,5-methoxy-3-indoleacetic acid,COCNDHOPIHDTHK-UHFFFAOYSA-N,C17H27N1O3Si2,[M+H]+,350.15958,0
272,272,melatonin,DRLFMBDRBRZALE-UHFFFAOYSA-N,C16H24N2O2Si1,[M+H]+,305.16794,0
273,273,glycolic acid,AEMRFAOFKBGASW-UHFFFAOYSA-N,C8H20O3Si2,[M+H]+,221.10246,1
274,274,1-indanol,YIAPLDFPUUJILH-UHFFFAOYSA-N,C12H18O1Si1,[M+H]+,207.11992,1
275,275,3-(3-hydroxyphenyl)propionic acid,QVWAEZJXDYOKEH-UHFFFAOYSA-N,C15H26O3Si2,[M]+,310.14136,5
276,276,trans-aconitic acid,GTZCVFVGUGFEME-HNQUOIGGSA-N,C15H30O6Si3,[M+H]+,391.14197,1
277,277,10-hydroxydecanoic acid,YJCJVMMDTBEITC-UHFFFAOYSA-N,C16H36O3Si2,[M+H]+,333.22784,0
278,278,quinic acid,AAWZDTNXLSGCEK-LNVDRNJUSA-N,C22H52O6Si5,[M+H]+,553.26868,no correct formula
279,279,caffeic acid,QAIPRVGONGVQAS-DUXPYHPUSA-N,C18H32O4Si3,[M+H]+,397.16785,3
280,280,N-acetyl-5-hydroxytryptamine,MVAWJSIDNICKHF-UHFFFAOYSA-N,C18H30N2O2Si2,[M+H]+,363.19156,2
281,281,2'-deoxyadenosine,OLXZPDWKRNYJJZ-RRKCRQDMSA-N,C16H29N5O3Si2,[M+H]+,396.18765,1
282,282,1-aminocyclopropane-1-carboxylic acid,PAJPWUMXBYXFCZ-UHFFFAOYSA-N,C7H15N1O2Si1,[M+H]+,174.09468,0
283,283,2-hydroxybutyric acid,AFENDNXGAFYKQO-UHFFFAOYSA-N,C10H24O3Si2,[M+H]+,249.13365,0
284,284,1-aminocyclopropane-1-carboxylic acid,PAJPWUMXBYXFCZ-UHFFFAOYSA-N,C10H23N1O2Si2,[M+H]+,246.13417,0
285,285,glycerol,PEDCQBHIVMGVHV-UHFFFAOYSA-N,C12H32O3Si3,[M+H]+,309.17319,2
286,286,N-acetyl-L-aspartic acid,OTCCIMWXFLJLIA-BYPYZUCNSA-N,C12H25N1O5Si2,[M+H]+,320.13458,0
287,287,(water loss)L-methionine sulfoxide,QEFRNWWLZKMPFJ-YGVKFDHGSA-N,C11H25N1O2S1Si2,[M+H]+,292.12256,4
288,288,D-panthenol,SNPLKNRPJHDVJA-ZETCQYMHSA-N,C18H43N1O4Si3,[M+H]+,422.25732,2
289,289,1-hexadecanol,BXWNKGSJHAJOGX-UHFFFAOYSA-N,C19H42O1Si1,[M-H]+,313.29208,no correct formula
290,290,oxalic acid,MUBZPKHOEPUJKR-UHFFFAOYSA-N,C5H10O4Si1,[M+H]+,163.04246,0
291,291,oxalic acid,MUBZPKHOEPUJKR-UHFFFAOYSA-N,C8H18O4Si2,[M+H]+,235.08197,0
292,292,methylmalonic acid,ZIYVHBGGAOATLY-UHFFFAOYSA-N,C10H22O4Si2,[M+H]+,263.1131,0
293,293,ortho-phosphoric acid,NBIIXXVUZAFLBC-UHFFFAOYSA-N,H27O4P1C9Si3,[M+H]+,315.10288,2
294,294,salicylic acid,YGSDEFSMJLZEOE-UHFFFAOYSA-N,C10H14O3Si1,[M+H]+,211.07857,0
295,295,L-homoserine,UKAUYVFTDYCKQA-VKHMYHEASA-N,C10H25N1O3Si2,[M+H]+,264.14465,0
296,296,benzamide,KXDAEFPNCMNJSK-UHFFFAOYSA-N,C10H15N1O1Si1,[M+H]+,194.09967,0
297,297,salicylic acid,YGSDEFSMJLZEOE-UHFFFAOYSA-N,C13H22O3Si2,[M+H]+,283.1181,1
298,298,2-isopropylmalic acid,BITYXLXUCSKTJS-UHFFFAOYSA-N,C16H36O5Si3,[M+H]+,393.19464,3
299,299,quinolinic acid,GJAWHXHKYYXBSV-UHFFFAOYSA-N,C13H21N1O4Si2,[M+H]+,312.10825,0
300,300,"2,4-dihydroxypyrimidine-5-carboxylic acid",ZXYAAVBXHKCJJB-UHFFFAOYSA-N,C14H28N2O4Si3,[M+H]+,373.14294,1
301,301,benzoin,ISAOCJYIOMOJEB-UHFFFAOYSA-N,C18H23O2Si1N1,[M+H]+,314.15573,0
302,302,N-acetyl-D-glucosamine,OVRNDRQMDRJTHS-RTRLPJTCSA-N,C21H50N2O6Si4,[M+H]+,539.28247,4
303,303,phlorobenzophenone,CPEXFJVZFNYXGU-UHFFFAOYSA-N,C22H34O4Si3,[M+H]+,447.18384,8
304,304,serotonin,QZAYGJVTTNCVMB-UHFFFAOYSA-N,C19H36N2O1Si3,[M+H]+,393.2204,4
305,305,Î²-cyano-L-alanine,BXRLWGXPSRYJDZ-VKHMYHEASA-N,C10H22N2O2Si2,[M+H]+,259.12881,0
306,306,p-anisic acid,ZEYHEAKUIGZSGI-UHFFFAOYSA-N,C11H16O3Si1,[M+H]+,225.09436,0
307,307,2-(4-hydroxyphenyl)ethanolÂ,YCCILVSKPBXVIP-UHFFFAOYSA-N,C14H26O2Si2,[M+H]+,283.15393,0
308,308,3-(2-hydroxyphenyl)propanoic acid,CJBDUOMQLFKVQC-UHFFFAOYSA-N,C15H26O3Si2,[M]+,310.14148,no correct formula
309,309,4-quinolinecarboxylic acid,VQMSRUREDGBWKT-UHFFFAOYSA-N,C13H15N1O2Si1,[M+H]+,246.09465,0
310,310,"5,6-Dimethylbenzimidazole",LJUQGASMPRMWIW-UHFFFAOYSA-N,C12H18N2Si1,[M+H]+,219.13124,0
311,311,homogentisic acid,IGMNYECMUMZDDF-UHFFFAOYSA-N,C17H32O4Si3,[M]+,384.16049,8
312,312,benzylsuccinic acid,GTOFKXZQQDSVFH-UHFFFAOYSA-N,C17H28O4Si2,[M+H]+,353.15967,0
313,313,(water loss)indole-3-acetamide,ZOAMBXDOGPRZLP-UHFFFAOYSA-N,C13H16N2Si1,[M+H]+,229.11557,0
314,314,indole-3-acetamide,ZOAMBXDOGPRZLP-UHFFFAOYSA-N,C16H26N2O1Si2,[M+H]+,319.16577,1
315,315,dihydrocapsaicin,XJQPQKLURWNAAH-UHFFFAOYSA-N,C21H37N1O3Si1,[M+H]+,380.26068,0
316,316,sarcosine,FSYKKLYZXJSNPZ-UHFFFAOYSA-N,C6H15N1O2Si1,[M+H]+,162.09476,0
317,317,sarcosine,FSYKKLYZXJSNPZ-UHFFFAOYSA-N,C9H23N1O2Si2,[M+H]+,234.13419,0
318,318,nonanoic acid,FBUKVWPVBMHYJY-UHFFFAOYSA-N,C12H26O2Si1,[M+H]+,231.1776,0
319,319,cytosine,OPTASPLRGRRNAP-UHFFFAOYSA-N,C10H21N3O1Si2,[M+H]+,256.12991,0
320,320,4-isopropylbenzoic acid,CKMXAIVXVKGGFM-UHFFFAOYSA-N,C13H20O2Si1,[M+H]+,237.13077,0
321,321,4-isopropylbenzoic acid,CKMXAIVXVKGGFM-UHFFFAOYSA-N,C13H20O2Si1,[M+H]+,237.13062,0
322,322,tropic acid,JACRWUWPXAESPB-UHFFFAOYSA-N,C15H26O3Si2,[M+H]+,311.14948,0
323,323,N-formyl-L-methionine,PYUSHNKNPOHWEZ-YFKPBYRVSA-N,C9H19N1O3S1Si1,[M+H]+,250.0927,1
324,324,DL-4-hydroxymandelic acid,YHXHKYRQLYQUIH-UHFFFAOYSA-N,C17H32O4Si3,[M+H]+,385.168,2
325,325,DL-4-hydroxymandelic acid,YHXHKYRQLYQUIH-UHFFFAOYSA-N,C17H32O4Si3,[M+H]+,385.16653,2
326,326,propyleneglycol,DNIAPMSPPWPWGF-UHFFFAOYSA-N,C9H24O2Si2,[M-H]+,219.12296,no correct formula
327,327,propyleneglycol,DNIAPMSPPWPWGF-UHFFFAOYSA-N,C9H24O2Si2,[M-H]+,219.12289,no correct formula
328,328,2-hydroxyhexanoic acid,NYHNVHGFPZAZGA-UHFFFAOYSA-N,C12H28O3Si2,[M+H]+,277.16425,0
329,329,2-hydroxyhexanoic acid,NYHNVHGFPZAZGA-UHFFFAOYSA-N,C12H28O3Si2,[M+H]+,277.16431,0
330,330,citramalic acid,XFTRTWQBIOMVPK-UHFFFAOYSA-N,C14H32O5Si3,[M+H]+,365.1619,1
331,331,citramalic acid,XFTRTWQBIOMVPK-UHFFFAOYSA-N,C14H32O5Si3,[M+H]+,365.16205,1
332,332,tartaric acid,FEWJPZIEWOKRBE-LWMBPPNESA-N,C16H38O6Si4,[M+H]+,439.18057,1
333,333,N-acetylornithine,JRLGPAXAGHMNOL-LURJTMIESA-N,C16H38N2O3Si3,[M+H]+,391.22549,2
334,334,spermine,PFNFFQXMRSDOHW-UHFFFAOYSA-N,C25H66N4Si5,[M+H]+,563.41748,no correct formula
335,335,3-hydroxypropionic acid,ALRHLSYJTWAHJZ-UHFFFAOYSA-N,C9H22O3Si2,[M+H]+,235.11755,0
336,336,3-hydroxypropionic acid,ALRHLSYJTWAHJZ-UHFFFAOYSA-N,C9H22O3Si2,[M+H]+,235.11764,0
337,337,3-hydroxypropionic acid,ALRHLSYJTWAHJZ-UHFFFAOYSA-N,C9H22O3Si2,[M+H]+,235.11766,0
338,338,(water loss)N-carbamoylaspartate 4 TMS,HLKXYZVTANABHZ-UHFFFAOYSA-N,C14H30N2O4Si3,[M+H]+,375.15796,1
339,339,3-hydroxypyridine,GRFNBEZIAWKNCO-UHFFFAOYSA-N,C8H13N1O1Si1,[M+H]+,168.08398,0
340,340,(water loss)3-ureidopropionate,JSJWCHRYRHKBBW-UHFFFAOYSA-N,C10H22N2O2Si2,[M+H]+,259.12949,0
341,341,capric acid,GHVNFZFCNZKVNT-UHFFFAOYSA-N,C13H28O2Si1,[M+H]+,245.19325,0
342,342,capric acid,GHVNFZFCNZKVNT-UHFFFAOYSA-N,C13H28O2Si1,[M+H]+,245.19327,0
343,343,3-ureidopropionate,JSJWCHRYRHKBBW-UHFFFAOYSA-N,C10H24N2O3Si2,[M+H]+,277.13959,0
344,344,phenol,ISWSIDIOOBJBQZ-UHFFFAOYSA-N,C9H14O1Si1,[M+H]+,167.08917,0
345,345,butyrolactam,HNJBEVLQSNELDL-UHFFFAOYSA-N,C7H15N1O1Si1,[M+H]+,158.09962,0
346,346,2-aminobutyric acid,QWCKQJZIFLGMSD-VKHMYHEASA-N,C7H17N1O2Si1,[M+H]+,176.11049,0
347,347,2-aminobutyric acid,QWCKQJZIFLGMSD-VKHMYHEASA-N,C7H17N1O2Si1,[M+H]+,176.1104,0
348,348,2-ketobutyric acid,TYEYBOSBBBHJIV-UHFFFAOYSA-N,C8H17O3Si1N1,[M+H]+,204.10553,0
349,349,2-aminobutyric acid,QWCKQJZIFLGMSD-VKHMYHEASA-N,C10H25N1O2Si2,[M+H]+,248.1499,0
350,350,Nicotinic acid,PVNIIMVLHYAWGP-UHFFFAOYSA-N,C9H13N1O2Si1,[M+H]+,196.07919,0
351,351,N-acetylputrescine,KLZGKIDSEJWEDW-UHFFFAOYSA-N,C12H30N2O1Si2,[M+H]+,275.19727,0
352,352,tryptophol,MBBOMCVGYCRMEA-UHFFFAOYSA-N,C13H19N1O1Si1,[M]+,233.12297,0
353,353,tryptophol,MBBOMCVGYCRMEA-UHFFFAOYSA-N,C16H27N1O1Si2,[M]+,305.16275,2
354,354,cis-sinapinic acid,PCMORTLOPMLEFB-ONEGZZNKSA-N,C17H28O5Si2,[M+H]+,369.15436,0
355,355,cis-sinapinic acid,PCMORTLOPMLEFB-ONEGZZNKSA-N,C17H28O5Si2,[M+H]+,369.15454,0
356,356,cyclohexylamine,PAFZNILMFXTMIY-UHFFFAOYSA-N,C9H21N1Si1,[M-H]+,170.13622,0
357,357,cyclohexylamine,PAFZNILMFXTMIY-UHFFFAOYSA-N,C9H21N1Si1,[M-H]+,170.13644,0
358,358,2-hydroxyvaleric acid,JRHWHSJDIILJAT-UHFFFAOYSA-N,C11H26O3Si2,[M+H]+,263.15036,0
359,359,2-hydroxyvaleric acid,JRHWHSJDIILJAT-UHFFFAOYSA-N,C11H26O3Si2,[M+H]+,263.14948,0
360,360,2-hydroxyvaleric acid,JRHWHSJDIILJAT-UHFFFAOYSA-N,C11H26O3Si2,[M+H]+,263.14944,0
361,361,2-hydroxyvaleric acid,JRHWHSJDIILJAT-UHFFFAOYSA-N,C11H26O3Si2,[M+H]+,263.14944,0
362,362,acetaminophen (2 TMS),RZVAJINKPMORJF-UHFFFAOYSA-N,C14H25N1O2Si2,[M+H]+,296.14935,0
363,363,acetaminophen (2 TMS),RZVAJINKPMORJF-UHFFFAOYSA-N,C11H17N1O2Si1,[M+H]+,224.11012,0
364,364,(water loss)gulonolactone,SXZYCXMUPBBULW-SKNVOMKLSA-N,C15H32O5Si3,[M+H]+,377.1636,1
365,365,N-acetylmannosamine,OVRNDRQMDRJTHS-ZTVVOAFPSA-N,C21H50N2O6Si4,[M+H]+,539.28162,5
366,366,(water loss)2-monopalmitin,BBNYCLAREVXOSG-UHFFFAOYSA-N,C22H44O3Si1,[M-H]+,383.29712,0
367,367,dimethylglycine,FFDGPVCHZBVARC-UHFFFAOYSA-N,C7H17N1O2Si1,[M+H]+,176.11089,0
368,368,(water loss)O-acetylserine,VZXPDPZARILFQX-BYPYZUCNSA-N,C8H15N1O3Si1,[M+H]+,202.08955,1
369,369,O-acetylserine,VZXPDPZARILFQX-BYPYZUCNSA-N,C11H25N1O4Si2,[M+H]+,292.1394,0
370,370,trans-3-hydroxy-L-proline,BJBUEDPLEOHJGE-IMJSIDKUSA-N,C11H25N1O3Si2,[M+H]+,276.14383,0
371,371,trans-3-hydroxy-L-proline,BJBUEDPLEOHJGE-IMJSIDKUSA-N,C14H33N1O3Si3,[M+H]+,348.18335,1
372,372,allo-inositol,CDAISMWEOUEBRE-UHFFFAOYSA-N,C24H60O6Si6,[M+H]+,613.30573,no correct formula
373,373,9-phenanthrenol,DZKIUEHLEXLYKM-UHFFFAOYSA-N,C17H18O1Si1,[M+H]+,267.11899,2
374,374,4-hydroxybenzyl cyanide,AYKYOOPFBCOXSL-UHFFFAOYSA-N,C11H15N1O1Si1,[M+H]+,206.09946,0
375,375,4-hydroxybenzyl cyanide,AYKYOOPFBCOXSL-UHFFFAOYSA-N,C11H15N1O1Si1,[M+H]+,206.09946,0
376,376,"(water loss)(1R,2S)-cis-1,2-dihydro-1,2-naphthalenediol",QPUHWUSUBHNZCG-VHSXEESVSA-N,C13H16O1Si1,[M+H]+,217.1042,0
377,377,"(1R,2S)-cis-1,2-dihydro-1,2-naphthalenediol",QPUHWUSUBHNZCG-VHSXEESVSA-N,C16H26O2Si2,[M+H]+,307.1543,1
378,378,"(1R,2S)-cis-1,2-dihydro-1,2-naphthalenediol",QPUHWUSUBHNZCG-VHSXEESVSA-N,C16H26O2Si2,[M+H]+,307.15436,1
379,379,hypoxanthine,FDGQSTZJBFJUBT-UHFFFAOYSA-N,C11H20N4O1Si2,[M+H]+,281.12494,0
380,380,hypoxanthine,FDGQSTZJBFJUBT-UHFFFAOYSA-N,C8H12N4O1Si1,[M+H]+,209.08528,1
381,381,(water loss)L-gulonic acid Î³-lactone,SXZYCXMUPBBULW-SKNVOMKLSA-N,C15H32O5Si3,[M+H]+,377.16318,3
382,382,L-gulonic acid Î³-lactone,SXZYCXMUPBBULW-SKNVOMKLSA-N,C18H42O6Si4,[M+H]+,467.21252,6
383,383,spermidine,ATHGHQPFGPMSJY-UHFFFAOYSA-N,C19H51N3Si4,[M+H]+,434.3237,2
384,384,spermidine,ATHGHQPFGPMSJY-UHFFFAOYSA-N,C22H59N3Si5,[M+H]+,506.36325,8
385,385,cyclohexanamine,PAFZNILMFXTMIY-UHFFFAOYSA-N,C12H29N1Si2,[M]+,243.18295,0
386,386,(water loss)3-ureidopropionate,JSJWCHRYRHKBBW-UHFFFAOYSA-N,C10H22N2O2Si2,[M+H]+,259.12927,0
387,387,trans-4-hydroxy-L-proline,PMMYEEVYMWASQN-DMTCNVIQSA-N,C11H25N1O3Si2,[M+H]+,276.14468,0
388,388,trans-4-hydroxy-L-proline,PMMYEEVYMWASQN-DMTCNVIQSA-N,C11H25N1O3Si2,[M+H]+,276.14478,0
389,389,trans-4-hydroxy-L-proline,PMMYEEVYMWASQN-DMTCNVIQSA-N,C14H33N1O3Si3,[M+H]+,348.18424,1
390,390,3-ureidopropionate,JSJWCHRYRHKBBW-UHFFFAOYSA-N,C7H16N2O3Si1,[M+H]+,205.10049,0
391,391,3-ureidopropionate,JSJWCHRYRHKBBW-UHFFFAOYSA-N,C10H24N2O3Si2,[M+H]+,277.13983,0
392,392,DL-isocitric acid,ODBLHEXUDAPZAU-UHFFFAOYSA-N,C18H40O7Si4,[M+H]+,481.19235,5
393,393,"4',5,7-trihydroxyisoflavone",TZBJGXHYKVUXJN-UHFFFAOYSA-N,C24H34O5Si3,[M+H]+,487.17926,2
394,394,synephrine,YRCWQPVGYLYSOX-UHFFFAOYSA-N,C15H29N1O2Si2,[M+H]+,312.18112,0
395,395,synephrine,YRCWQPVGYLYSOX-UHFFFAOYSA-N,C15H29N1O2Si2,[M+H]+,312.18115,0
396,396,synephrine,YRCWQPVGYLYSOX-UHFFFAOYSA-N,C18H37N1O2Si3,[M-H]+,382.20511,1
397,397,synephrine,YRCWQPVGYLYSOX-UHFFFAOYSA-N,C18H37N1O2Si3,[M+H]+,384.22043,1
398,398,6-methylmercaptopurine,UIJIQXGRFSPYQW-UHFFFAOYSA-N,C9H14N4S1Si1,[M+H]+,239.07819,1
399,399,fumaric acid,VZCYOOQTPOCHFL-OWOJBTEDSA-N,C10H20O4Si2,[M+H]+,261.09747,1
400,400,9-hydroxyfluorene,AFMVESZOYKHDBJ-UHFFFAOYSA-N,C16H18O1Si1,[M+H]+,255.11993,0
401,401,D-(+)-panthenol,SNPLKNRPJHDVJA-UHFFFAOYSA-N,C18H43N1O4Si3,[M+H]+,422.25763,2
402,402,3-(1-pyrazolyl)-L-alanine,PIGOPELHGLPKLL-YFKPBYRVSA-N,C12H25N3O2Si2,[M+H]+,300.15637,0
403,403,aniline-o-sulfonic acid,ZMCHBSMFKQYNKA-UHFFFAOYSA-N,C12H23N1O3S1Si2,[M+H]+,318.10107,0
404,404,N-acetyl-D-tryptophan,DZTHIGRZJZPRDV-GFCCVEGCSA-N,C19H30N2O3Si2,[M+H]+,391.18695,0
405,405,N-acetyl-D-tryptophan,DZTHIGRZJZPRDV-GFCCVEGCSA-N,C16H22N2O3Si1,[M+H]+,319.14734,1
406,406,methyl jasmonate,GEWDNTWNSAZUDX-WQMVXFAESA-N,C14H23O3N1,[M+H]+,254.17512,0
407,407,D-(+)-Pantothenic acid,GHOKWGTUZJEAQD-ZETCQYMHSA-N,C18H41N1O5Si3,[M+H]+,436.237,1
408,408,"N,N-dimethylglycine",FFDGPVCHZBVARC-UHFFFAOYSA-N,C7H17N1O2Si1,[M+H]+,176.11047,0
409,409,"N,N-dimethylglycine",FFDGPVCHZBVARC-UHFFFAOYSA-N,C7H17N1O2Si1,[M+H]+,176.11122,0
410,410,2-hydroxyphenylacetic acid,CCVYRRGZDBSHFU-UHFFFAOYSA-N,C14H24O3Si2,[M]+,296.12601,5
411,411,"2,3-dihydroxybiphenyl",YKOQAAJBYBTSBS-UHFFFAOYSA-N,C18H26O2Si2,[M+H]+,331.15399,1
412,412,(-)-epicatechin,PFTAWBLQPZVEMU-UKRRQHHQSA-N,C30H54O6Si5,[M+H]+,651.2818,no correct formula
413,413,2-(4-hydroxyphenyl)ethanol,YCCILVSKPBXVIP-UHFFFAOYSA-N,C14H26O2Si2,[M]+,282.14685,1
414,414,2-amino-3-methoxybenzoic acid,SXOPCLUOUFQBJV-UHFFFAOYSA-N,C11H17N1O3Si1,[M]+,239.09764,1
415,415,2-amino-3-methoxybenzoic acid,SXOPCLUOUFQBJV-UHFFFAOYSA-N,C14H25N1O3Si2,[M+H]+,312.14484,0
416,416,3-chloro-L-tyrosine,ACWBBAGYTKWBCD-ZETCQYMHSA-N,C18H34Cl1N1O3Si3,[M+H]+,432.16138,no correct formula
417,417,methoxytryptamine,JTEJPPKMYBDEMY-UHFFFAOYSA-N,C17H30N2O1Si2,[M+H]+,335.19708,0
418,418,methoxytryptamine,JTEJPPKMYBDEMY-UHFFFAOYSA-N,C20H38N2O1Si3,[M+H]+,407.23669,3
419,419,uridine 5â€²-monophosphate,DJJCXFVJDGTHFX-XVFCMESISA-N,C21H45N2O9P1Si4,[M+H]+,613.20215,no correct formula
420,420,orcinol,OIPPWFOQEKKFEE-UHFFFAOYSA-N,C13H24O2Si2,[M]+,268.13132,0
421,421,orcinol,OIPPWFOQEKKFEE-UHFFFAOYSA-N,C13H24O2Si2,[M+H]+,269.13895,0
422,422,arachidic acid,VKOBVWXKNCXXDE-UHFFFAOYSA-N,C23H48O2Si1,[M-H]+,383.3345,0
423,423,DL-3-aminoisobutyric acid,QCHPKSFMDHPSNR-UHFFFAOYSA-N,C10H25N1O2Si2,[M+H]+,248.14911,0
424,424,DL-3-aminoisobutyric acid,QCHPKSFMDHPSNR-UHFFFAOYSA-N,C10H25N1O2Si2,[M+H]+,248.14897,0
425,425,DL-3-aminoisobutyric acid,QCHPKSFMDHPSNR-UHFFFAOYSA-N,C10H25N1O2Si2,[M+H]+,248.14893,0
426,426,DL-3-aminoisobutyric acid,QCHPKSFMDHPSNR-UHFFFAOYSA-N,C13H33N1O2Si3,[M+H]+,320.1882,4
427,427,(water loss)N-acetyl-L-glutamic acid,RFMMMVDNIPUKGG-YFKPBYRVSA-N,C10H17N1O4Si1,[M+H]+,244.09929,0
428,428,phenylphosphoric acid,CMPQUABWPXYYSH-UHFFFAOYSA-N,C12H23O4P1Si2,[M+H]+,319.09375,8
429,429,N-acetyl-L-glutamic acid,RFMMMVDNIPUKGG-YFKPBYRVSA-N,C13H27N1O5Si2,[M+H]+,334.14923,0
430,430,alizarin,RGCKGOZRHPZPFP-UHFFFAOYSA-N,C20H24O4Si2,[M+H]+,385.12766,no correct formula
431,431,3-(4-hydroxyphenyl)propionic acid,NMHMNPHRMNGLLB-UHFFFAOYSA-N,C15H26O3Si2,[M+H]+,311.14798,1
432,432,DL-4-hydroxy-3-methoxymandelic acid,CGQCWMIAEPEHNQ-UHFFFAOYSA-N,C18H34O5Si3,[M+H]+,415.17673,7
433,433,lactamide,SXQFCVDSOLSHOQ-UHFFFAOYSA-N,C6H15N1O2Si1,[M+H]+,162.09412,0
434,434,3-hydroxybenzyl alcohol,OKVJCVWFVRATSG-UHFFFAOYSA-N,C13H24O2Si2,[M]+,268.13007,2
435,435,4-hydroxy-3-methoxybenzoic acid,WKOLLVMJNQIZCI-UHFFFAOYSA-N,C14H24O4Si2,[M+H]+,313.12759,0
436,436,(water loss)Asp-Glu,CKAJHWFHHFSCDT-WHFBIAKZSA-N,C15H28N2O6Si2,[M+H]+,389.15509,0
437,437,(water loss)Asp-Glu,CKAJHWFHHFSCDT-WHFBIAKZSA-N,C18H36N2O6Si3,[M+H]+,461.19437,1
438,438,phloretin,VGEREEWJJVICBM-UHFFFAOYSA-N,C27H46O5Si4,[M+H]+,563.24823,no correct formula
439,439,phenylalanine,COLNVLDHVKWLRT-QMMMGPOBSA-N,C12H19N1O2Si1,[M+H]+,238.12528,0
440,440,phloroglucinol,QCDYQQDYXPDABM-UHFFFAOYSA-N,C15H30O3Si3,[M+H]+,343.15634,0
441,441,"DL-3,4-dihydroxyphenylglycol",MTVWFVDWRVYDOR-UHFFFAOYSA-N,C20H42O4Si4,[M-H]+,457.20608,0
442,442,L-kynurenine,YGPSJZOEDVAXAB-QMMMGPOBSA-N,C16H28N2O3Si2,[M+H]+,353.16952,0
443,443,L-kynurenine,YGPSJZOEDVAXAB-QMMMGPOBSA-N,C19H36N2O3Si3,[M]+,424.20209,no correct formula
444,444,4-hydroxy-6-methyl-2-pyrone,NSYSSMYQPLSPOD-UHFFFAOYSA-N,C6H6O3,[M+H]+,127.03869,0
445,445,4-hydroxyquinoline,PMZDQRJGMBOQBF-UHFFFAOYSA-N,C12H15N1O1Si1,[M]+,217.0914,0
446,446,4-hydroxyquinoline,PMZDQRJGMBOQBF-UHFFFAOYSA-N,C12H15N1O1Si1,[M+H]+,218.09946,0
447,447,3-methyl-L-histidine,JDHILDINMRGULE-LURJTMIESA-N,C13H27N3O2Si2,[M+H]+,314.17081,0
448,448,phenaceturic acid,UTYVDVLMYQPLQB-UHFFFAOYSA-N,C13H19N1O3Si1,[M+H]+,266.12018,0
449,449,urethane,JOYRKODLDBILNP-UHFFFAOYSA-N,C6H15N1O2Si1,[M+H]+,162.09428,0
450,450,urethane,JOYRKODLDBILNP-UHFFFAOYSA-N,C6H15N1O2Si1,[M+H]+,162.09433,0
451,451,beta-alanine,UCMIRNVEIXFBKS-UHFFFAOYSA-N,C12H31N1O2Si3,[M+H]+,306.17267,1
452,452,beta-alanine,UCMIRNVEIXFBKS-UHFFFAOYSA-N,C12H31N1O2Si3,[M+H]+,306.17255,1
453,453,(water loss)4-guanidinobutyric acid,TUHVEAJXIMEOSA-UHFFFAOYSA-N,C8H17N3O1Si1,[M+H]+,200.12073,0
454,454,4-hydroxyphenylacetic acid,XQXPVVBIMDBYFF-UHFFFAOYSA-N,C14H24O3Si2,[M+H]+,297.13287,1
455,455,(water loss)N-carbamyl-L-glutamic acid,LCQLHJZYVOQKHU-VKHMYHEASA-N,C15H32N2O4Si3,[M+H]+,389.17364,0
456,456,(water loss)N-carbamyl-L-glutamic acid,LCQLHJZYVOQKHU-VKHMYHEASA-N,C12H24N2O4Si2,[M+H]+,317.13406,0
457,457,N-carbamyl-L-glutamic acid,LCQLHJZYVOQKHU-VKHMYHEASA-N,C12H26N2O5Si2,[M+H]+,335.14386,0
458,458,N-carbamyl-L-glutamic acid,LCQLHJZYVOQKHU-VKHMYHEASA-N,C15H34N2O5Si3,[M+H]+,407.18317,1
459,459,guanosine,NYHBQMYGNKIUIF-UUOKFMHZSA-N,C22H45N5O5Si4,[M+H]+,572.25598,no correct formula
460,460,guanosine,NYHBQMYGNKIUIF-UUOKFMHZSA-N,C25H53N5O5Si5,[M+H]+,644.2945,no correct formula
461,461,acetanilide,FZERHIULMFGESH-UHFFFAOYSA-N,C11H17N1O1Si1,[M+H]+,208.11458,0
462,462,L-pyroglutamic acid,ODHCTXKNWHHXJC-VKHMYHEASA-N,C8H15N1O3Si1,[M+H]+,202.0891,2
463,463,L-pyroglutamic acid,ODHCTXKNWHHXJC-VKHMYHEASA-N,C11H23N1O3Si2,[M+H]+,274.12845,0
464,464,L-pyroglutamic acid,ODHCTXKNWHHXJC-VKHMYHEASA-N,C11H23N1O3Si2,[M+H]+,274.12854,0
465,465,L-ornithine,AHLPHDHHMVZTML-BYPYZUCNSA-N,C14H36N2O2Si3,[M+H]+,349.21463,1
466,466,L-ornithine,AHLPHDHHMVZTML-BYPYZUCNSA-N,C17H44N2O2Si4,[M+H]+,421.25384,2
467,467,pyridoxine,LXNHXLLTXMVWPM-UHFFFAOYSA-N,C17H35N1O3Si3,[M+H]+,386.19888,3
468,468,(water loss)pyridoxine,LXNHXLLTXMVWPM-UHFFFAOYSA-N,C14H25N1O2Si2,[M+H]+,296.14551,no correct formula
469,469,5â€²-deoxy-5â€²-(methylthio)adenosine,WUUGFSXJNOTRMR-IOSLPCCCSA-N,C17H31N5O3S1Si2,[M+H]+,442.17496,4
470,470,5â€²-deoxy-5â€²-(methylthio)adenosine,WUUGFSXJNOTRMR-IOSLPCCCSA-N,C20H39N5O3S1Si3,[M+H]+,514.21484,no correct formula
471,471,nicotinic acid,PVNIIMVLHYAWGP-UHFFFAOYSA-N,C9H13N1O2Si1,[M+H]+,196.07867,0
472,472,lauric acid,POULHZVOKOAJMA-UHFFFAOYSA-N,C15H32O2Si1,[M+H]+,273.22382,0
473,473,citric acid,KRKNYBCHXYNGOX-UHFFFAOYSA-N,C18H40O7Si4,[M+H]+,481.1919,4
474,474,"3,5-dimethoxy-4-hydroxycinnamic acid",PCMORTLOPMLEFB-ONEGZZNKSA-N,C17H28O5Si2,[M+H]+,369.15311,1
475,475,"3,5-dimethoxy-4-hydroxycinnamic acid",PCMORTLOPMLEFB-ONEGZZNKSA-N,C17H28O5Si2,[M+H]+,369.15329,0
476,476,liquiritigenin,FURUXTVZLHCCNA-AWEZNQCLSA-N,C21H28O4Si2,[M+H]+,401.15866,1
477,477,alanine,QNAYBMKLOCPYGJ-UHFFFAOYSA-N,C9H23N1O2Si2,[M+H]+,234.13409,0
478,478,alanine,QNAYBMKLOCPYGJ-UHFFFAOYSA-N,C9H23N1O2Si2,[M+H]+,234.13452,0
479,479,isoleucine,AGPKZVBTJJNPAG-WHFBIAKZSA-N,C9H21N1O2Si1,[M+H]+,204.14194,0
480,480,isoleucine,AGPKZVBTJJNPAG-WHFBIAKZSA-N,C9H21N1O2Si1,[M+H]+,204.14175,0
481,481,isoleucine,AGPKZVBTJJNPAG-WHFBIAKZSA-N,C12H29N1O2Si2,[M+H]+,276.1814,0
482,482,isoleucine,AGPKZVBTJJNPAG-WHFBIAKZSA-N,C12H29N1O2Si2,[M+H]+,276.1814,0
483,483,glycine,DHMQDGOQFOQNFH-UHFFFAOYSA-N,C11H29N1O2Si3,[M+H]+,292.15832,1
484,484,aspartic acid,CKLJMWTZIZZHCS-REOHCLBHSA-N,C10H23N1O4Si2,[M+H]+,278.12448,0
485,485,(water loss)asparagine,DCXYFEDJOCDNAF-REOHCLBHSA-N,C10H22N2O2Si2,[M+H]+,259.12985,0
486,486,aspartic acid,CKLJMWTZIZZHCS-REOHCLBHSA-N,C13H31N1O4Si3,[M+H]+,350.164,1
487,487,glutamic acid,WHUUTDBJXJRKMK-VKHMYHEASA-N,C14H33N1O4Si3,[M+H]+,364.17935,1
488,488,leucine,ROHFNLRQFUQHCH-YFKPBYRVSA-N,C9H21N1O2Si1,[M+H]+,204.14189,0
489,489,leucine,ROHFNLRQFUQHCH-YFKPBYRVSA-N,C9H21N1O2Si1,[M+H]+,204.14206,0
490,490,proline,ONIBWKKTOPOVIA-BYPYZUCNSA-N,C8H17N1O2Si1,[M+H]+,188.11064,0
491,491,serine,MTCFGRXMJLQNBG-REOHCLBHSA-N,C9H23N1O3Si2,[M+H]+,250.12956,0
492,492,threonine,AYFVYJQAPQTCCC-GBXIJSLDSA-N,C10H25N1O3Si2,[M+H]+,264.14514,0
493,493,phenylalanine,COLNVLDHVKWLRT-QMMMGPOBSA-N,C12H19N1O2Si1,[M+H]+,238.12622,0
494,494,tyrosine,OUYCCCASQSFEME-QMMMGPOBSA-N,C18H35N1O3Si3,[M+H]+,398.20035,0
495,495,tryptophan,QIVBCDIJIAJPQS-VIFPVBQESA-N,C20H36N2O2Si3,[M+H]+,421.2157,0
496,496,citrulline,RHGKLRLOHDJJDR-BYPYZUCNSA-N,C12H29N3O3Si2,[M]+,319.17639,2
497,497,pyridoxal,RADKZDMFGJYCBB-UHFFFAOYSA-N,C15H28N2O3Si2,[M+H]+,341.17038,0
498,498,uridine,DRTQHJPVMGBUCF-XVFCMESISA-N,C18H36N2O6Si3,[M+H]+,461.19376,2
499,499,glutaric acid,JFCQEDHGNNZCLN-UHFFFAOYSA-N,C11H24O4Si2,[M+H]+,277.12787,0
500,500,(water loss)gamma-aminobutyric acid,BTCSSZJGUNDROE-UHFFFAOYSA-N,C7H15N1O1Si1,[M-H]+,156.08337,0
501,501,gamma-aminobutyric acid,BTCSSZJGUNDROE-UHFFFAOYSA-N,C10H25N1O2Si2,[M+H]+,248.14856,0
502,502,d-(+)-galacturonic acid,IAJILQKETJEXLJ-RSJOWCBRSA-N,C21H50O7Si5,[M+H]+,555.2475,6
503,503,palmitoleic acid,SECPZKHBENQXJG-FPLPWBNLSA-N,C19H38O2Si1,[M+H]+,327.27036,2
504,504,guanine,UYTPUPDQBNUYGX-UHFFFAOYSA-N,C14H29N5O1Si3,[M+H]+,368.17386,1
505,505,acetyl leucine,WXNXCEHXYPACJF-ZETCQYMHSA-N,C11H23N1O3Si1,[M+H]+,246.15131,0
506,506,hypotaurine,VVIUBCNYACGLLV-UHFFFAOYSA-N,C8H23N1O2S1Si2,[M+H]+,254.1051,2
507,507,alpha-aminoadipic acid,OYIFNHCXNCRBQI-UHFFFAOYSA-N,C15H35N1O4Si3,[M+H]+,378.19379,1
508,508,kynurenic acid 1,HCZHHEIFKROPDY-UHFFFAOYSA-N,C16H23N1O3Si2,[M+H]+,334.12811,0
509,509,4-aminobutyric acid,BTCSSZJGUNDROE-UHFFFAOYSA-N,C10H25N1O2Si2,[M+H]+,248.14918,0
510,510,4-aminobutyric acid,BTCSSZJGUNDROE-UHFFFAOYSA-N,C10H25N1O2Si2,[M+H]+,248.14911,0
511,511,4-aminobutyric acid,BTCSSZJGUNDROE-UHFFFAOYSA-N,C10H25N1O2Si2,[M+H]+,248.14896,0
512,512,4-aminobutyric acid,BTCSSZJGUNDROE-UHFFFAOYSA-N,C10H25N1O2Si2,[M-H]+,246.13438,0
513,513,5-methyluridine,DWRXFEITVBNRMK-JXOAFFINSA-N,C10H14N2O6,[M+H]+,259.0914,no correct formula
514,514,dopamine,VYFYYTLLBUKUHU-UHFFFAOYSA-N,C20H43N1O2Si4,[M+H]+,442.24155,3
515,515,dopamine,VYFYYTLLBUKUHU-UHFFFAOYSA-N,C20H43N1O2Si4,[M-H]+,440.22687,4
516,516,dopamine,VYFYYTLLBUKUHU-UHFFFAOYSA-N,C20H43N1O2Si4,[M+H]+,442.2432,no correct formula
517,517,5-methyluridine,DWRXFEITVBNRMK-JXOAFFINSA-N,C16H30N2O6Si2,[M]+,402.16983,no correct formula
518,518,5-methyluridine,DWRXFEITVBNRMK-JXOAFFINSA-N,C22H46N2O6Si4,[M+H]+,547.24713,no correct formula
519,519,dithiothreitol,VHJLVAABSRFDPM-IMJSIDKUSA-N,C13H34O2S2Si3,[M-H]+,369.11829,no correct formula
520,520,5-methyluridine,DWRXFEITVBNRMK-JXOAFFINSA-N,C10H14N2O6,[M+H]+,259.0914,no correct formula
521,521,dopamine,VYFYYTLLBUKUHU-UHFFFAOYSA-N,C20H43N1O2Si4,[M+H]+,442.24155,3
522,522,dopamine,VYFYYTLLBUKUHU-UHFFFAOYSA-N,C20H43N1O2Si4,[M-H]+,440.22687,no correct formula
523,523,dopamine,VYFYYTLLBUKUHU-UHFFFAOYSA-N,C20H43N1O2Si4,[M+H]+,442.2432,8
524,524,5-methyluridine,DWRXFEITVBNRMK-JXOAFFINSA-N,C16H30N2O6Si2,[M]+,402.16983,no correct formula
525,525,5-methyluridine,DWRXFEITVBNRMK-JXOAFFINSA-N,C22H46N2O6Si4,[M+H]+,547.24713,no correct formula
526,526,dithiothreitol,VHJLVAABSRFDPM-IMJSIDKUSA-N,C13H34O2S2Si3,[M-H]+,369.11829,no correct formula
527,527,5-methyluridine,DWRXFEITVBNRMK-JXOAFFINSA-N,C10H14N2O6,[M+H]+,259.0914,no correct formula
528,528,dopamine,VYFYYTLLBUKUHU-UHFFFAOYSA-N,C20H43N1O2Si4,[M+H]+,442.24155,3
529,529,dopamine,VYFYYTLLBUKUHU-UHFFFAOYSA-N,C20H43N1O2Si4,[M-H]+,440.22687,no correct formula
530,530,dopamine,VYFYYTLLBUKUHU-UHFFFAOYSA-N,C20H43N1O2Si4,[M+H]+,442.2432,8
531,531,5-methyluridine,DWRXFEITVBNRMK-JXOAFFINSA-N,C16H30N2O6Si2,[M]+,402.16983,no correct formula
532,532,5-methyluridine,DWRXFEITVBNRMK-JXOAFFINSA-N,C22H46N2O6Si4,[M+H]+,547.24713,no correct formula
533,533,dithiothreitol,VHJLVAABSRFDPM-IMJSIDKUSA-N,C13H34O2S2Si3,[M-H]+,369.11829,no correct formula
534,534,stearic acid,QIQXTHQIDYTFRH-UHFFFAOYSA-N,C21H44O2Si1,[M-H]+,355.30164,0
535,535,stearic acid,QIQXTHQIDYTFRH-UHFFFAOYSA-N,C21H44O2Si1,[M-H]+,355.30164,0
536,536,stearic acid,QIQXTHQIDYTFRH-UHFFFAOYSA-N,C21H44O2Si1,[M-H]+,355.30164,0
537,537,(water loss)2-furoic acid,SMNDYUVBFMFKNZ-UHFFFAOYSA-N,C8H10O2Si1,[M+H]+,167.05158,0
538,538,azelaic acid,BDJRBEYXGGNYIS-UHFFFAOYSA-N,C15H32O4Si2,[M+H]+,333.18951,0
539,539,phenyl beta-D-glucopyranoside,NEZJDVYDSZTRFS-RMPHRYRLSA-N,C21H40O6Si3,[M+H]+,473.21521,no correct formula
540,540,heptadecenoic acid,GDTXICBNEOEPAZ-FPLPWBNLSA-N,C20H40O2Si1,[M+H]+,341.28531,3
541,541,(water loss)2-furoic acid,SMNDYUVBFMFKNZ-UHFFFAOYSA-N,C8H10O2Si1,[M+H]+,167.05158,0
542,542,azelaic acid,BDJRBEYXGGNYIS-UHFFFAOYSA-N,C15H32O4Si2,[M+H]+,333.18951,0
543,543,phenyl beta-D-glucopyranoside,NEZJDVYDSZTRFS-RMPHRYRLSA-N,C21H40O6Si3,[M+H]+,473.21521,no correct formula
544,544,heptadecenoic acid,GDTXICBNEOEPAZ-FPLPWBNLSA-N,C20H40O2Si1,[M+H]+,341.28531,3
545,545,(water loss)2-furoic acid,SMNDYUVBFMFKNZ-UHFFFAOYSA-N,C8H10O2Si1,[M+H]+,167.05158,0
546,546,azelaic acid,BDJRBEYXGGNYIS-UHFFFAOYSA-N,C15H32O4Si2,[M+H]+,333.18951,0
547,547,phenyl beta-D-glucopyranoside,NEZJDVYDSZTRFS-RMPHRYRLSA-N,C21H40O6Si3,[M+H]+,473.21521,no correct formula
548,548,heptadecenoic acid,GDTXICBNEOEPAZ-FPLPWBNLSA-N,C20H40O2Si1,[M+H]+,341.28531,3
549,549,butyraldehyde,ZTQSAGDEMFDKMZ-UHFFFAOYSA-N,C5H11O1N1,[M+H]+,102.09142,0
550,550,(water loss)isoxanthopterin,GLKCOBIIZKYKFN-UHFFFAOYSA-N,C15H27N5O1Si3,[M+H]+,378.15405,no correct formula
551,551,(water loss)D-ribose,SRBFZHDQGSBBOR-SOOFDHNKSA-N,C17H40O4Si4,[M+H]+,421.21542,no correct formula
552,552,isoxanthopterin,GLKCOBIIZKYKFN-UHFFFAOYSA-N,C15H29N5O2Si3,[M+H]+,396.16754,0
553,553,butyraldehyde,ZTQSAGDEMFDKMZ-UHFFFAOYSA-N,C5H11O1N1,[M+H]+,102.09142,0
554,554,(water loss)isoxanthopterin,GLKCOBIIZKYKFN-UHFFFAOYSA-N,C15H27N5O1Si3,[M+H]+,378.15405,no correct formula
555,555,(water loss)D-ribose,SRBFZHDQGSBBOR-SOOFDHNKSA-N,C17H40O4Si4,[M+H]+,421.21542,no correct formula
556,556,isoxanthopterin,GLKCOBIIZKYKFN-UHFFFAOYSA-N,C15H29N5O2Si3,[M+H]+,396.16754,1
557,557,butyraldehyde,ZTQSAGDEMFDKMZ-UHFFFAOYSA-N,C5H11O1N1,[M+H]+,102.09142,0
558,558,(water loss)isoxanthopterin,GLKCOBIIZKYKFN-UHFFFAOYSA-N,C15H27N5O1Si3,[M+H]+,378.15405,no correct formula
559,559,(water loss)D-ribose,SRBFZHDQGSBBOR-SOOFDHNKSA-N,C17H40O4Si4,[M+H]+,421.21542,no correct formula
560,560,isoxanthopterin,GLKCOBIIZKYKFN-UHFFFAOYSA-N,C15H29N5O2Si3,[M+H]+,396.16754,1
561,561,octadecanol,GLDOVTGHNKAZLK-UHFFFAOYSA-N,C21H46O1Si1,[M-H]+,341.32153,no correct formula
562,562,L-homocysteine,FFFHZYDWPBMWHY-UHFFFAOYSA-N,C10H25N1O2S1Si2,[M-H]+,278.10406,2
563,563,octadecanol,GLDOVTGHNKAZLK-UHFFFAOYSA-N,C21H46O1Si1,[M-H]+,341.32153,no correct formula
564,564,L-homocysteine,FFFHZYDWPBMWHY-UHFFFAOYSA-N,C10H25N1O2S1Si2,[M-H]+,278.10406,1
565,565,octadecanol,GLDOVTGHNKAZLK-UHFFFAOYSA-N,C21H46O1Si1,[M-H]+,341.32153,no correct formula
566,566,L-homocysteine,FFFHZYDWPBMWHY-UHFFFAOYSA-N,C10H25N1O2S1Si2,[M-H]+,278.10406,1
567,567,(water loss)D-sorbitol,FBPFZTCFMRRESA-JGWLITMVSA-N,C21H52O5Si5,[M-H]+,523.25354,no correct formula
568,568,indole-3-lactate,XGILAAMKEQUXLS-UHFFFAOYSA-N,C17H27N1O3Si2,[M]+,349.15082,1
569,569,indole-3-lactate,XGILAAMKEQUXLS-UHFFFAOYSA-N,C20H35N1O3Si3,[M]+,421.19006,5
570,570,lithocholic acid,SMEROWZSTRWXGI-HVATVPOCSA-N,C30H56O3Si2,[M-H]+,519.36829,1
571,571,(water loss)D-sorbitol,FBPFZTCFMRRESA-JGWLITMVSA-N,C21H52O5Si5,[M-H]+,523.25354,no correct formula
572,572,indole-3-lactate,XGILAAMKEQUXLS-UHFFFAOYSA-N,C17H27N1O3Si2,[M]+,349.15082,1
573,573,indole-3-lactate,XGILAAMKEQUXLS-UHFFFAOYSA-N,C20H35N1O3Si3,[M]+,421.19006,4
574,574,lithocholic acid,SMEROWZSTRWXGI-HVATVPOCSA-N,C30H56O3Si2,[M-H]+,519.36829,0
575,575,(water loss)D-sorbitol,FBPFZTCFMRRESA-JGWLITMVSA-N,C21H52O5Si5,[M-H]+,523.25354,no correct formula
576,576,indole-3-lactate,XGILAAMKEQUXLS-UHFFFAOYSA-N,C17H27N1O3Si2,[M]+,349.15082,1
577,577,indole-3-lactate,XGILAAMKEQUXLS-UHFFFAOYSA-N,C20H35N1O3Si3,[M]+,421.19006,4
578,578,lithocholic acid,SMEROWZSTRWXGI-HVATVPOCSA-N,C30H56O3Si2,[M-H]+,519.36829,0
579,579,(water loss)lyxitol,HEBKCHPVOIAQTA-IMJSIDKUSA-N,C11H26O4Si2,[M-H]+,277.12784,9
580,580,lactamide,SXQFCVDSOLSHOQ-UHFFFAOYSA-N,C6H15N1O2Si1,[M+H]+,162.09406,1
581,581,lactamide,SXQFCVDSOLSHOQ-UHFFFAOYSA-N,C9H23N1O2Si2,[M+H]+,234.13332,0
582,582,phenylethylamine,BHHGXPLMPWCGHP-UHFFFAOYSA-N,C14H27N1Si2,[M+H]+,266.17419,0
583,583,(water loss)lyxitol,HEBKCHPVOIAQTA-IMJSIDKUSA-N,C17H42O4Si4,[M+H]+,423.22067,6
584,584,(water loss)allantoin,POJWUDADGALRAB-UHFFFAOYSA-N,C13H28N4O2Si3,[M+H]+,357.15955,1
585,585,xanthurenic acid,FBZONXHGGPHHIY-UHFFFAOYSA-N,C19H31N1O4Si3,[M+H]+,422.16196,0
586,586,xanthurenic acid,FBZONXHGGPHHIY-UHFFFAOYSA-N,C19H31N1O4Si3,[M+H]+,422.1619,1
587,587,(water loss)lyxitol,HEBKCHPVOIAQTA-IMJSIDKUSA-N,C11H26O4Si2,[M-H]+,277.12784,4
588,588,lactamide,SXQFCVDSOLSHOQ-UHFFFAOYSA-N,C6H15N1O2Si1,[M+H]+,162.09406,0
589,589,lactamide,SXQFCVDSOLSHOQ-UHFFFAOYSA-N,C9H23N1O2Si2,[M+H]+,234.13332,0
590,590,phenylethylamine,BHHGXPLMPWCGHP-UHFFFAOYSA-N,C14H27N1Si2,[M+H]+,266.17419,0
591,591,(water loss)lyxitol,HEBKCHPVOIAQTA-IMJSIDKUSA-N,C17H42O4Si4,[M+H]+,423.22067,4
592,592,(water loss)allantoin,POJWUDADGALRAB-UHFFFAOYSA-N,C13H28N4O2Si3,[M+H]+,357.15955,1
593,593,xanthurenic acid,FBZONXHGGPHHIY-UHFFFAOYSA-N,C19H31N1O4Si3,[M+H]+,422.16196,0
594,594,xanthurenic acid,FBZONXHGGPHHIY-UHFFFAOYSA-N,C19H31N1O4Si3,[M+H]+,422.1619,0
595,595,(water loss)lyxitol,HEBKCHPVOIAQTA-IMJSIDKUSA-N,C11H26O4Si2,[M-H]+,277.12784,4
596,596,lactamide,SXQFCVDSOLSHOQ-UHFFFAOYSA-N,C6H15N1O2Si1,[M+H]+,162.09406,0
597,597,lactamide,SXQFCVDSOLSHOQ-UHFFFAOYSA-N,C9H23N1O2Si2,[M+H]+,234.13332,0
598,598,phenylethylamine,BHHGXPLMPWCGHP-UHFFFAOYSA-N,C14H27N1Si2,[M+H]+,266.17419,0
599,599,(water loss)lyxitol,HEBKCHPVOIAQTA-IMJSIDKUSA-N,C17H42O4Si4,[M+H]+,423.22067,4
600,600,(water loss)allantoin,POJWUDADGALRAB-UHFFFAOYSA-N,C13H28N4O2Si3,[M+H]+,357.15955,1
601,601,xanthurenic acid,FBZONXHGGPHHIY-UHFFFAOYSA-N,C19H31N1O4Si3,[M+H]+,422.16196,0
602,602,xanthurenic acid,FBZONXHGGPHHIY-UHFFFAOYSA-N,C19H31N1O4Si3,[M+H]+,422.1619,0
603,603,piperidone,XUWHAWMETYGRKB-UHFFFAOYSA-N,C8H17N1O1Si1,[M+H]+,172.11499,0
604,604,piperidone,XUWHAWMETYGRKB-UHFFFAOYSA-N,C5H9N1O1,[M+H]+,100.07566,0
605,605,(water loss)ophthalmic acid,JCMUOFQHZLPHQP-BQBZGAKWSA-N,C20H41N3O5Si3,[M+H]+,488.24149,2
606,606,(water loss)ophthalmic acid,JCMUOFQHZLPHQP-BQBZGAKWSA-N,C23H49N3O5Si4,[M+H]+,560.2796,no correct formula
607,607,(water loss)ophthalmic acid,JCMUOFQHZLPHQP-BQBZGAKWSA-N,C20H41N3O5Si3,[M+H]+,488.24109,3
608,608,piperidone,XUWHAWMETYGRKB-UHFFFAOYSA-N,C8H17N1O1Si1,[M+H]+,172.11499,0
609,609,piperidone,XUWHAWMETYGRKB-UHFFFAOYSA-N,C5H9N1O1,[M+H]+,100.07566,0
610,610,(water loss)ophthalmic acid,JCMUOFQHZLPHQP-BQBZGAKWSA-N,C20H41N3O5Si3,[M+H]+,488.24149,5
611,611,(water loss)ophthalmic acid,JCMUOFQHZLPHQP-BQBZGAKWSA-N,C23H49N3O5Si4,[M+H]+,560.2796,no correct formula
612,612,(water loss)ophthalmic acid,JCMUOFQHZLPHQP-BQBZGAKWSA-N,C20H41N3O5Si3,[M+H]+,488.24109,1
613,613,piperidone,XUWHAWMETYGRKB-UHFFFAOYSA-N,C8H17N1O1Si1,[M+H]+,172.11499,0
614,614,piperidone,XUWHAWMETYGRKB-UHFFFAOYSA-N,C5H9N1O1,[M+H]+,100.07566,0
615,615,(water loss)ophthalmic acid,JCMUOFQHZLPHQP-BQBZGAKWSA-N,C20H41N3O5Si3,[M+H]+,488.24149,5
616,616,(water loss)ophthalmic acid,JCMUOFQHZLPHQP-BQBZGAKWSA-N,C23H49N3O5Si4,[M+H]+,560.2796,no correct formula
617,617,(water loss)ophthalmic acid,JCMUOFQHZLPHQP-BQBZGAKWSA-N,C20H41N3O5Si3,[M+H]+,488.24109,1
618,618,3-Amino-L-Tyrosine,POGSZHUEECCEAP-ZETCQYMHSA-N,C15H28N2O3Si2,[M+H]+,341.16986,0
619,619,3-Amino-L-Tyrosine,POGSZHUEECCEAP-ZETCQYMHSA-N,C18H36N2O3Si3,[M+H]+,413.20819,0
620,620,3-Amino-L-Tyrosine,POGSZHUEECCEAP-ZETCQYMHSA-N,C21H44N2O3Si4,[M+H]+,485.24582,no correct formula
621,621,3-Amino-L-Tyrosine,POGSZHUEECCEAP-ZETCQYMHSA-N,C15H28N2O3Si2,[M+H]+,341.16986,0
622,622,3-Amino-L-Tyrosine,POGSZHUEECCEAP-ZETCQYMHSA-N,C18H36N2O3Si3,[M+H]+,413.20819,0
623,623,3-Amino-L-Tyrosine,POGSZHUEECCEAP-ZETCQYMHSA-N,C21H44N2O3Si4,[M+H]+,485.24582,no correct formula
624,624,3-Amino-L-Tyrosine,POGSZHUEECCEAP-ZETCQYMHSA-N,C15H28N2O3Si2,[M+H]+,341.16986,0
625,625,3-Amino-L-Tyrosine,POGSZHUEECCEAP-ZETCQYMHSA-N,C18H36N2O3Si3,[M+H]+,413.20819,0
626,626,3-Amino-L-Tyrosine,POGSZHUEECCEAP-ZETCQYMHSA-N,C21H44N2O3Si4,[M+H]+,485.24582,no correct formula
627,627,4-Hydroxymandelonitrile,HOOOPXDSCKBLFG-UHFFFAOYSA-N,C14H23N1O2Si2,[M]+,293.12494,1
628,628,(water loss)4-Hydroxymandelonitrile,HOOOPXDSCKBLFG-UHFFFAOYSA-N,C11H13N1O1Si1,[M-H]+,202.07201,no correct formula
629,629,4-Hydroxymandelonitrile,HOOOPXDSCKBLFG-UHFFFAOYSA-N,C14H23N1O2Si2,[M]+,293.12494,1
630,630,(water loss)4-Hydroxymandelonitrile,HOOOPXDSCKBLFG-UHFFFAOYSA-N,C11H13N1O1Si1,[M-H]+,202.07201,no correct formula
631,631,4-Hydroxymandelonitrile,HOOOPXDSCKBLFG-UHFFFAOYSA-N,C14H23N1O2Si2,[M]+,293.12494,1
632,632,(water loss)4-Hydroxymandelonitrile,HOOOPXDSCKBLFG-UHFFFAOYSA-N,C11H13N1O1Si1,[M-H]+,202.07201,no correct formula
